MSI 지포스 GTX1060 아머 VR OC D5 6GB,9010,120,PCle3.0x16,243300,"지포스 GTX1060/16nm/1506 MHz,부스트 1708MHz/1152개/PCIe3.0x16/GDDR5(DDR5)/8000MHz/3GB/192-bit/DVI/HDMI/DP/최대 모니터 4개/최대 120W/정격파워 400W 이상/전원부: 4페이즈/2개 팬/252mm"
이엠텍 지포스 RTX 2080 BLACK EDITION OC D6 8GB,15447,250,PCle3.0x16,1033000,"지포스 RTX 2080/12nm/1515 MHz,부스트 1815MHz/2944개/PCIe3.0x16/GDDR6(DDR6)/14000MHz/8GB/256-bit/HDMI/DP/USB Type-C/최대 모니터 4개/최대 250W/정격파워 650W/전원부: 8+2페이즈/3개 팬/292mm/백플레이트/LED 라이트/RGB LIGHTING"
이엠텍 XENON 지포스 GTX1060 STORM X Dual D5 6GB,9010,120,PCle3.0x16,328500,"지포스 GTX1060/16nm/1506 MHz,부스트 1708MHz/1280개/PCIe3.0x16/GDDR5(DDR5)/8000MHz/6GB/192-bit/DVI/HDMI/DP/최대 모니터 4개/최대 120W/정격파워 400W 이상/전원부: 4페이즈/2개 팬/250mm"
MSI 지포스 GTX1060 아머 VR OC D5 6GB",9010,120,PCle3.0x16,328200,"지포스 GTX1060/16nm/1544 MHz,부스트 1759MHz/1280개/PCIe3.0x16/GDDR5(DDR5)/8008MHz/6GB/192-bit/DVI/HDMI/DP/최대 모니터 4개/최대 120W/정격파워 400W 이상/전원부: 5페이즈/2개 팬/275mm"
이엠텍 지포스 RTX 2080 Ti BLACK EDITION OC D6 11GB,17450,300,PCle3.0x16,1588000,"지포스 RTX 2080 Ti/12nm/1350MHz,부스트 1650MHz/4352개/PCIe3.0x16/GDDR6(DDR6)/14000MHz/11GB/352-bit/HDMI/DP/USB Type-C/최대 모니터 4개/최대 300W/정격파워 700W/전원부: 13+3페이즈/3개 팬/292mm/백플레이트/LED 라이트/RGB LIGHTING"
리드텍 WinFast 지포스 GTX1060 HURRICANE OC D5 3GB,8931,120,PCle3.0x16,250000,"지포스 GTX1060/16nm/1531 MHz,부스트 1746MHz/1152개/PCIe3.0x16/GDDR5(DDR5)/8008MHz/3GB/192-bit/DVI/HDMI/DP/최대 모니터 4개/최대 120W/정격파워 400W 이상/전원부: 5페이즈/2개 팬/233mm/백플레이트/LED 라이트"
PALIT 지포스 RTX 2070 Dual D6 8GB,13756,175,PCle3.0x16,686900,"지포스 RTX 2070/12nm/1410 MHz,부스트 1620MHz/2304개/PCIe3.0x16/GDDR6(DDR6)/14000MHz/8GB/256-bit/DVI/HDMI/DP/USB Type-C/최대 모니터 4개/최대 175W/정격파워 550W/2개 팬/292mm/백플레이트/LED 라이트/2018년 10월 30일 제품 디자인 및 LED(RGB→단색) 변경"
MSI 지포스 RTX 2070 아머 D6 8GB",13756,175,PCle3.0x16,709800,"지포스 RTX 2070/12nm/1410MHz,부스트 1620MHz/2304개/PCIe3.0x16/GDDR6(DDR6)/14000MHz/8GB/256-bit/HDMI/DP/USB Type-C/최대 모니터 4개/최대 175W/정격파워 550W 이상/2개 팬/309mm/백플레이트/LED 라이트/MYSTIC LIGHT"
MSI 지포스 GTX1060 아머 VR OC D5 3GB,8931,120,PCle3.0x16,239200,"지포스 GTX1060/16nm/1544 MHz,부스트 1759MHz/1152개/PCIe3.0x16/GDDR5(DDR5)/8008MHz/3GB/192-bit/DVI/HDMI/DP/최대 모니터 4개/최대 120W/정격파워 400W 이상/전원부: 5페이즈/2개 팬/275mm"
이엠텍 지포스 RTX 2070 BLACK EDITION OC D6 8GB,13756,185,PCle3.0x16,722900,"지포스 RTX 2070/12nm/1410MHz,부스트 1725MHz/2304개/PCIe3.0x16/GDDR6(DDR6)/14000MHz/8GB/256-bit/HDMI/DP/USB Type-C/최대 모니터 4개/최대 185W/정격파워 500W 이상/전원부: 8+2페이즈/3개 팬/292mm/백플레이트/LED 라이트/RGB LIGHTING"
MSI 지포스 GTX1070 Ti 게이밍 D5 8GB 트윈프로져6",12158,180,PCle3.0x16,610500,"지포스 GTX1070 Ti/16nm/1607 MHz,부스트 1683MHz/2432개/PCIe3.0x16/GDDR5(DDR5)/8008MHz/8GB/256-bit/DVI/HDMI/DP/최대 모니터 4개/최대 180W/정격파워 500W 이상/전원부: 10페이즈/2개 팬/279mm/백플레이트/LED 라이트/MYSTIC LIGHT"
갤럭시 GALAX 지포스 RTX 2080 개간지 OC D6 8GB BLACK Edition,15447,225,PCle3.0x16,1030400,지포스 RTX 2080/12nm/부스트 1800MHz/2944개/PCIe3.0x16/GDDR6(DDR6)/14000MHz/8GB/256-bit/HDMI/DP/USB Type-C/최대 모니터 4개/최대 225W/정격파워 650W 이상/전원부: 10페이즈/3개 팬/308mm/백플레이트/LED 라이트
ZOTAC GAMING AMP 지포스 RTX 2080 Ti D6 11GB,17450,260,PCle3.0x16,1677500,지포스 RTX 2080 Ti/12nm/1665MHz/4352개/PCIe3.0x16/GDDR6(DDR6)/14000MHz/11GB/352-bit/HDMI/DP/USB Type-C/최대 모니터 4개/최대 260W/정격파워 650W/3개 팬/308mm/LED 라이트/SPECTRA
MSI 지포스 RTX 2070 게이밍 Z D6 8GB 트윈프로져7",13756,225,PCle3.0x16,779000,"지포스 RTX 2070/12nm/1410 MHz,부스트 1830MHz/2304개/PCIe3.0x16/GDDR6(DDR6)/8GB/256-bit/HDMI/DP/USB Type-C/최대 모니터 4개/최대 225/정격파워 550W/전원부: 8페이즈/2개 팬/307mm/백플레이트/LED 라이트/MYSTIC LIGHT"
이엠텍 XENON 지포스 GTX1050 STORM X Nano D5 2GB,4611,75,PCle3.0x16,138900,"지포스 GTX1050/14nm/1354 MHz,부스트 1455MHz/640개/PCIe3.0x16/GDDR5(DDR5)/7000MHz/2GB/128-bit/DVI/HDMI/DP/최대 모니터 3개/최대 75W/정격파워 300W 이상/전원부: 3페이즈/1개 팬/166mm/2018년 4월 5일 출고분부터 GPU 코어 클럭 1354MHz로 변경"
GIGABYTE 지포스 GTX1060 UDV D5 6GB 윈드포스,9010,120,PCle3.0x16,319300,"지포스 GTX1060/16nm/1556 MHz,부스트 1771MHz/1280개/PCIe3.0x16/GDDR5(DDR5)/8008MHz/6GB/192-bit/DVI/HDMI/DP/최대 모니터 4개/정격파워 400W 이상/전원부: 5페이즈/2개 팬/223mm"
MSI 지포스 RTX 2080 게이밍 X 트리오 D6 8GB 트라이프로져,15547,260,PCle3.0x16,1132300,"지포스 RTX 2080/12nm/1515 MHz,부스트 1860MHz/2944개/PCIe3.0x16/GDDR6(DDR6)/7000MHz/8GB/256-bit/HDMI/DP/USB Type-C/최대 모니터 4개/최대 260W/정격파워 650W/전원부: 12페이즈/3개 팬/327mm/백플레이트/LED 라이트/MYSTIC LIGHT"
GIGABYTE AORUS Xtreme 지포스 RTX 2080 D6 8GB,15447,260,PCle3.0x16,1218600,지포스 RTX 2080/12nm/부스트 1890MHz/2944개/PCIe3.0x16/GDDR6(DDR6)/14140MHz/8GB/256-bit/HDMI/DP/USB Type-C/최대 모니터 4개/정격파워 650W/전원부: 12+2페이즈/3개 팬/290mm/백플레이트/LED 라이트/RGB FUSION
GIGABYTE 지포스 RTX 2080 Ti Gaming D6 11GB,17450,300,PCle3.0x16,1659700,"지포스 RTX 2080 Ti/12nm/1650 MHz,부스트 1665MHz/4352개/PCIe3.0x16/GDDR6(DDR6)/14000MHz/11GB/352-bit/HDMI/DP/USB Type-C/최대 모니터 4개/정격파워 650W/전원부: 13+3페이즈/3개 팬/287mm/백플레이트/LED 라이트/RGB FUSION"
이엠텍 XENON 지포스 GTX1070 Ti STORM X Dual D5 8GB,12158,180,PCle3.0x16,567600,"지포스 GTX1070 Ti/1607 MHz,부스트 1683MHz/2432개/PCIe3.0x16/GDDR5(DDR5)/8GB/256-bit/DVI/HDMI/DP/최대 모니터 4개/최대 180W/정격파워 500W 이상/2개 팬/250mm"
이엠텍 HV 지포스 GTX1060 WHITE MONSTER OC D5 3GB,8931,120,PCle3.0x16,261700,"지포스 GTX1060/16nm/1594 MHz, 부스트 1809MHz/1152개/PCIe3.0x16/GDDR5(DDR5)/8000MHz/3GB/192-bit/DVI/HDMI/DP/최대 모니터 4개/최대 120W/정격파워 400W 이상/전원부: 4페이즈/2개 팬/248mm/백플레이트/LED 라이트"
MSI 지포스 GTX1070 아머 OC D5 8GB,11209,150,PCle3.0x16,493400,"지포스 GTX1070/16nm/1556 MHz,부스트 1746MHz/1920개/PCIe3.0x16/GDDR5(DDR5)/8008MHz/8GB/256-bit/DVI/HDMI/DP/최대 모니터 4개/최대 150W/정격파워 500W 이상/전원부: 8페이즈/2개 팬/279mm"
갤럭시 GALAX 지포스 GTX1080 Ti DURAPRO EXOC D5X 11GB,14097,250,PCle3.0x16,1065000,"지포스 GTX1080 Ti/16nm/1531 MHz,부스트 1645MHz/3584개/PCIe3.0x16/GDDR5X(DDR5X)/11010MHz/11GB/352-bit/HDMI/DP/최대 모니터 4개/최대 250W/정격파워 600W 이상/전원부: 7+2페이즈/2개 팬/278mm/백플레이트/LED 라이트"
MSI 지포스 GTX1050 OC D5 2GB 스톰,4611,75,PCle3.0x16,130800,"지포스 GTX1050/14nm/1404 MHz,부스트 1518MHz/640개/PCIe3.0x16/GDDR5(DDR5)/7008MHz/2GB/128-bit/DVI/HDMI/DP/최대 모니터 3개/최대 75W/정격파워 300W 이상/1개 팬/177mm"
MSI 라데온 RX 580 아머 OC D5 8GB,6494,185,PCle3.0x16,267800,라데온 RX 580/14nm/1366MHz/2304개/PCIe3.0x16/GDDR5(DDR5)/8000MHz/8GB/256-bit/DVI/HDMI/DP/최대 모니터 5개/최대 185W/정격파워 500W 이상/2개 팬/269mm
MSI 지포스 GTX1060 게이밍 X D5 6GB 트윈프로져6,9010,120,PCle3.0x16,355200,"지포스 GTX1060/16nm/1594 MHz,부스트 1809MHz/1280개/PCIe3.0x16/GDDR5(DDR5)/8108MHz/6GB/192-bit/DVI/HDMI/DP/최대 모니터 4개/최대 120W/정격파워 400W 이상/전원부: 6페이즈/2개 팬/277mm/백플레이트/LED 라이트/MYSTIC LIGHT"
MSI 지포스 GTX1050 Ti OC D5 4GB 윈드스톰,5950,75,PCle3.0x16,178700,"지포스 GTX1050 Ti/14nm/1341 MHz,부스트 1455MHz/768개/PCIe3.0x16/GDDR5(DDR5)/7008MHz/4GB/128-bit/DVI/HDMI/DP/최대 모니터 3개/최대 75W/정격파워 300W 이상/2개 팬/215mm"
이엠텍 XENON 지포스 RTX 2070 TURBO JET OC D6 8GB,13756,220,PCle3.0x16,785000,"지포스 RTX 2070/12nm/1410MHz,부스트 1725MHz/2304개/PCIe3.0x16/14000MHz/8GB/256-bit/HDMI/DP/USB Type-C/최대 모니터 3개/최대 220W/정격파워 550W 이상/2개 팬/292mm"
MSI 지포스 RTX 2080 Ti 게이밍 X 트리오 D6 11GB 트라이프로져,17450,300,PCle3.0x16,2499990,"지포스 RTX 2080 Ti/12nm/1350 MHz,부스트 1755MHz/4352개/PCIe3.0x16/GDDR6(DDR6)/7000MHz/11GB/352-bit/HDMI/DP/USB Type-C/최대 모니터 4개/최대 300W/정격파워 650W/전원부: 17페이즈/3개 팬/327mm/백플레이트/LED 라이트/MYSTIC LIGHT"
MSI 지포스 GTX1070 Ti 아머 D5 8GB,12158,180,PCle3.0x16,561400,"지포스 GTX1070 Ti/1607 MHz,부스트 1683MHz/2432개/PCIe3.0x16/GDDR5(DDR5)/8008MHz/8GB/256-bit/DVI/HDMI/DP/최대 모니터 4개/최대 180W/정격파워 500W 이상/2개 팬/279mm"
갤럭시 GALAX 지포스 GTX1070 Ti 개간지 EXOC D5 8GB,12158,180,PCle3.0x16,614100,"지포스 GTX1070 Ti/16nm/1607 MHz,부스트 1683MHz/2432개/PCIe3.0x16/GDDR5(DDR5)/8008MHz/8GB/256-bit/DVI/HDMI/DP/최대 모니터 4개/최대 180W/정격파워 500W 이상/전원부: 7페이즈/2개 팬/296mm/백플레이트/LED 라이트"
ZOTAC GAMING 지포스 RTX 2070 D6 8GB BLOWER,13756,175,PCle3.0x16,660760,지포스 RTX 2070/12nm/부스트 1620MHz/2304개/PCIe3.0x16/GDDR6(DDR6)/14000MHz/8GB/256-bit/DVI/HDMI/DP/최대 모니터 4개/최대 175W/정격파워 550W 이상/1개 팬/268mm
갤럭시 GALAX 지포스 GTX1060 OC D5 6GB,9010,120,PCle3.0x16,316300,"지포스 GTX1060/16nm/1518 MHz,부스트 1733MHz/1280개/PCIe3.0x16/GDDR5(DDR5)/8008MHz/6GB/192-bit/DVI/HDMI/DP/최대 모니터 3개/최대 120W/정격파워 400W 이상/전원부: 4페이즈/2개 팬/214mm"
ZOTAC AMP 지포스 GTX1070 Ti AIR D5 8GB,12158,180,PCle3.0x16,559000,"지포스 GTX1070 Ti/1607 MHz,부스트 1683MHz/2432개/PCIe3.0x16/GDDR5(DDR5)/8GB/256-bit/DVI/HDMI/DP/최대 모니터 4개/최대 180W/정격파워 500W 이상/전원부: 7페이즈/2개 팬/211mm/백플레이트/LED 라이트/SPECTRA"
ZOTAC AMP 지포스 GTX1060 D5 6GB 백플레이트,9010,120,PCle3.0x16,322200,"지포스 GTX1060/16nm/1556 MHz,부스트 1771MHz/1280개/PCIe3.0x16/GDDR5(DDR5)/8000MHz/6GB/192-bit/DVI/HDMI/DP/최대 120W/정격파워 400W 이상/전원부: 5페이즈/2개 팬/210mm"
ZOTAC AMP 지포스 GTX1060 D5 3GB,8931,120,PCle3.0x16,236100,"지포스 GTX1060/16nm/1582 MHz,부스트 1797MHz/1152개/PCIe3.0x16/GDDR5(DDR5)/8000MHz/3GB/192-bit/DVI/HDMI/DP/최대 모니터 4개/최대 120W/정격파워 400W 이상/전원부: 5페이즈/2개 팬/206mm"
갤럭시 GALAX 지포스 GTX1050 Ti OC D5 4GB,4611,75,PCle3.0x16,166600,"지포스 GTX1050 Ti/14nm/1303 MHz,부스트 1417MHz/768개/PCIe3.0x16/GDDR5(DDR5)/7008MHz/4GB/128-bit/DVI/HDMI/DP/최대 모니터 3개/최대 75W/정격파워 300W 이상/전원부: 3페이즈/1개 팬/196mm"
MSI 지포스 GTX1060 OC D5 3GB 윈드스톰",8931,120,PCle3.0x16,234300,"지포스 GTX1060/16nm/1544 MHz, 부스트 1759MHz/1152개/PCIe3.0x16/GDDR5(DDR5)/8008MHz/3GB/192-bit/DVI/HDMI/DP/최대 모니터 3개/최대 120W/정격파워 400W 이상/2개 팬/243mm"
GIGABYTE 라데온 RX 570 Gaming D5 8GB (벌크),6740,180,PCle3.0x16,164000,"라데온 RX 570/14nm/1244 MHz,부스트 1255MHz/2048개/PCIe3.0x16/GDDR5(DDR5)/7000MHz/8GB/256-bit/DVI/HDMI/DP/최대 모니터 5개/정격파워 450W 이상/전원부: 7페이즈/2개 팬/232mm"
GIGABYTE 지포스 GTX1070 Ti UDV D5 8GB 윈드포스,12158,180,PCle3.0x16,585100,"지포스 GTX1070 Ti/1607 MHz,부스트 1683MHz/2432개/PCIe3.0x16/GDDR5(DDR5)/8008MHz/8GB/256-bit/DVI/HDMI/DP/최대 모니터 4개/정격파워 500W 이상/전원부: 8페이즈/2개 팬/280mm"
GIGABYTE 지포스 GTX1080 UDV D5X 8GB 윈드포스,12326,180,PCle3.0x16,831900,"지포스 GTX1080/16nm/1632 MHz,부스트 1771MHz/2560개/PCIe3.0x16/GDDR5X(DDR5X)/10010MHz/8GB/256-bit/DVI/HDMI/DP/최대 모니터 4개/정격파워 500W 이상/전원부: 10페이즈/3개 팬/280mm"
이엠텍 XENON 지포스 GTX1050 Ti STORM X Nano D5 4GB,5950,75,PCle3.0x16,174400,"지포스 GTX1050 Ti/14nm/1290 MHz,부스트 1392MHz/768개/PCIe3.0x16/GDDR5(DDR5)/7000MHz/4GB/128-bit/DVI/HDMI/DP/최대 모니터 3개/최대 75W/정격파워 300W 이상/전원부: 3페이즈/1개 팬/166mm"
갤럭시 GALAX 지포스 GTX1060 OC D5 3GB,8931,120,PCle3.0x16,241300,"지포스 GTX1060/16nm/1518 MHz,부스트 1733MHz/1152개/PCIe3.0x16/GDDR5(DDR5)/8008MHz/3GB/192-bit/DVI/HDMI/DP/최대 모니터 3개/최대 120W/정격파워 400W 이상/전원부: 4페이즈/2개 팬/214mm"
갤럭시 GALAX 지포스 RTX 2070 개간지 OC D6 8GB BLACK Edition",13756,215,PCle3.0x16,745900,지포스 RTX 2070/12nm/부스트 1830MHz/2304개/PCIe3.0x16/GDDR6(DDR6)/14000MHz/8GB/256-bit/HDMI/DP/USB Type-C/최대 215W/정격파워 550W 이상/전원부: 8페이즈/3개 팬/308mm/백플레이트/LED 라이트
이엠텍 XENON 지포스 RTX 2080 TURBO JET OC D6 8GB,15447,300,PCle3.0x16,1105900,"지포스 RTX 2080/12nm/1515MHz,부스트 1815MHz/2944개/PCIe3.0x16/GDDR6(DDR6)/14000MHz/8GB/256-bit/HDMI/DP/USB Type-C/최대 모니터 4개/최대 300W/정격파워 700W 이상/전원부: 10+2페이즈/2개 팬/292mm/백플레이트/LED 라이트"
갤럭시 GALAX 지포스 RTX 2070 BLACK LABEL OC D6 8GB,13756,215,PCle3.0x16,752000,"지포스 RTX 2070/12nm/1410 MHz,부스트 1815MHz/2304개/PCIe3.0x16/GDDR6(DDR6)/14000MHz/8GB/256-bit/HDMI/DP/USB Type-C/최대 모니터 4개/최대 215W/정격파워 550W 이상/전원부: 8페이즈/2개 팬/263mm/백플레이트/LED 라이트"
갤럭시 GALAX 지포스 RTX 2070 BLACK LABEL EX D6 8GB",13756,175,PCle3.0x16,720700,"지포스 RTX 2070/12nm/1515MHz,부스트 1620MHz/2304개/PCIe3.0x16/GDDR6(DDR6)/14000MHz/8GB/256-bit/HDMI/DP/USB Type-C/최대 모니터 4개/최대 175W/정격파워 550W 이상/전원부: 8페이즈/2개 팬/285mm/백플레이트/LED 라이트"
GIGABYTE 지포스 GTX1080 Ti AORUS D5X 11GB",14097,300,PCle3.0x16,1156900,"지포스 GTX1080 Ti/16nm/1569 MHz,부스트 1683MHz/3584개/PCIe3.0x16/GDDR5X(DDR5X)/11010MHz/11GB/352-bit/DVI/HDMI/DP/최대 모니터 4개/정격파워 600W 이상/전원부: 14페이즈/3개 팬/293mm/백플레이트/LED 라이트/RGB FUSION"
GIGABYTE 라데온 RX 580 AORUS D5 8GB",8433,150,PCle3.0x16,322700,"라데온 RX 580/14nm/1365 MHz,부스트 1380MHz/2304개/PCIe3.0x16/GDDR5(DDR5)/8000MHz/8GB/256-bit/DVI/HDMI/DP/최대 모니터 5개/정격파워 500W 이상/전원부: 8페이즈/232mm/백플레이트/LED 라이트/RGB FUSION"
갤럭시 GALAX 지포스 RTX 2070 WHITE LABEL OC D6 8GB,13771,215,PCle3.0x16,751200,"지포스 RTX 2070/12nm/1410 MHz,부스트 1830MHz/2304개/PCIe3.0x16/GDDR6(DDR6)/14000MHz/8GB/256-bit/HDMI/DP/USB Type-C/최대 모니터 4개/최대 215W/정격파워 550W 이상/전원부: 8페이즈/2개 팬/268mm/백플레이트/LED 라이트"
ZOTAC GAMING AMP EXTREME 지포스 RTX 2070 D6 8GB,13771,225,PCle3.0x16,839500,지포스 RTX 2070/12nm/부스트 1860MHz/2304개/PCIe3.0x16/GDDR6(DDR6)/14400MHz/8GB/256-bit/HDMI/DP/USB Type-C/최대 모니터 4개/최대 225W/정격파워 550W/3개 팬/308mm/백플레이트/LED 라이트/SPECTRA
갤럭시 GALAX 지포스 GTX1080 Ti EXOC D5X 11GB G天命,14102,250,PCle3.0x16,1153910,"지포스 GTX1080 Ti/16nm/1531 MHz,부스트 1645MHz/3584개/PCIe3.0x16/GDDR5X(DDR5X)/11010MHz/11GB/352-bit/HDMI/DP/최대 모니터 4개/최대 250W/정격파워 600W 이상/전원부: 9페이즈/2개 팬/281mm/백플레이트"
GIGABYTE 지포스 RTX 2080 Gaming D6 8GB,15496,300,PCle3.0x16,1043500,"지포스 RTX 2080/12nm/1815 MHz,부스트 1830MHz/2944개/PCIe3.0x16/GDDR6(DDR6)/14000MHz/8GB/256-bit/HDMI/DP/USB Type-C/최대 모니터 4개/정격파워 650W/전원부: 8+2페이즈/3개 팬/286.5mm/백플레이트/LED 라이트/RGB FUSION"
이엠텍 HV 지포스 GTX1070 Ti BLACK MONSTER D5 8GB,12164,180,PCle3.0x16,584900,"지포스 GTX1070 Ti/16nm/1607 MHz, 부스트 1683MHz/2432개/GDDR5(DDR5)/8008MHz/8GB/256-bit/DVI/HDMI/DP/최대 모니터 4개/최대 180W/정격파워 500W 이상/전원부: 6페이즈/2개 팬/250mm"
갤럭시 GALAX 지포스 RTX 2080 Ti WHITE LABEL OC D6 11GB,17360,260,PCle3.0x16,1518000,"지포스 RTX 2080 Ti/12nm/1350 MHz,부스트 1635MHz/4352개/PCIe3.0x16/GDDR6(DDR6)/14000MHz/11GB/352-bit/HDMI/DP/USB Type-C/최대 260W/정격파워 650W 이상/전원부: 13+3페이즈/2개 팬/268mm/백플레이트/LED 라이트"
GIGABYTE 지포스 RTX 2080 Ti UDV D6 11GB 윈드포스,17360,260,PCle3.0x16,1655350,"지포스 RTX 2080 Ti/12nm/1620MHz,부스트 1635MHz/4352개/PCIe3.0x16/GDDR6(DDR6)/14000MHz/11GB/352-bit/HDMI/DP/USB Type-C/최대 모니터 4개/정격파워 650W/3개 팬/281mm/백플레이트/RGB FUSION"
GIGABYTE 지포스 RTX 2070 Gaming OC D6 8GB,13771,215,PCle3.0x16,790400,"지포스 RTX 2070/12nm/1725 MHz,부스트 1740MHz/2304개/PCIe3.0x16/GDDR6(DDR6)/14000MHz/8GB/256-bit/HDMI/DP/USB Type-C/최대 모니터 4개/정격파워 550W/전원부: 8+2페이즈/3개 팬/281mm/백플레이트/LED 라이트/RGB FUSION"
GIGABYTE 지포스 GTX1050 Ti UD2 D5 4GB Nano LP,5950,75,PCle3.0x16,199000,"지포스 GTX1050 Ti/14nm/1303 MHz,부스트 1417MHz/768개/PCIe3.0x16/GDDR5(DDR5)/7008MHz/4GB/128-bit/DVI/HDMI/DP/최대 모니터 4개/정격파워 300W 이상/전원부: 4페이즈/1개 팬/167mm"
MSI 지포스 RTX 2080 Ti 벤투스 D6 11GB",17360,250,PCle3.0x16,1450000,"지포스 RTX 2080 Ti/12nm/1350 MHz,부스트 1545MHz/4352개/PCIe3.0x16/GDDR6(DDR6)/7000MHz/11GB/352-bit/HDMI/DP/USB Type-C/최대 모니터 4개/최대 250W/정격파워 650W/전원부: 16페이즈/2개 팬/268mm/백플레이트"
갤럭시 GALAX 지포스 GTX1050 OC D5 2GB",4612,75,PCle3.0x16,139600,"지포스 GTX1050/14nm/1366 MHz,부스트 1468MHz/640개/PCIe3.0x16/GDDR5(DDR5)/7008MHz/2GB/128-bit/DVI/HDMI/DP/최대 모니터 3개/최대 75W/정격파워 300W 이상/전원부: 3페이즈/1개 팬/196mm"
ZOTAC 지포스 GTX1070 MINi D5 8GB,11209,150,PCle3.0x16,470500,"지포스 GTX1070/16nm/1518 MHz,부스트 1708MHz/1920개/PCIe3.0x16/GDDR5(DDR5)/8000MHz/8GB/256-bit/DVI/HDMI/DP/최대 모니터 4개/최대 150W/정격파워 500W 이상/전원부: 5페이즈/2개 팬/210mm"
갤럭시 GALAX 지포스 RTX 2080 WHITE LABEL OC D6 8GB,15496,225,PCle3.0x16,1009000,"지포스 RTX 2080/12nm/1515 MHz,부스트 1800MHz/2944개/PCIe3.0x16/GDDR6(DDR6)/14000MHz/8GB/256-bit/HDMI/DP/USB Type-C/최대 모니터 4개/최대 225W/정격파워 650W/전원부: 10페이즈/2개 팬/268mm/백플레이트/LED 라이트"
갤럭시 GALAX 지포스 GTX1050 OC D5 2GB LP,4612,75,PCle3.0x16,143700,"지포스 GTX1050/14nm/1366 MHz,부스트 1468MHz/640개/PCIe3.0x16/GDDR5(DDR5)/7008MHz/2GB/128-bit/DVI/HDMI/DP/최대 75W/정격파워 300W 이상/전원부: 3페이즈/2개 팬/166mm"
GIGABYTE 지포스 GTX1050 Ti UDV D5 4GB 윈드포스,5950,75,PCle3.0x16,224200,"지포스 GTX1050 Ti/14nm/1328 MHz,부스트 1442MHz/768개/PCIe3.0x16/GDDR5(DDR5)/7008MHz/4GB/128-bit/DVI/HDMI/DP/최대 모니터 4개/정격파워 300W 이상/전원부: 5페이즈/2개 팬/229mm"
GIGABYTE 지포스 GTX1080 Ti Gaming D5X 11GB,14102,270,PCle3.0x16,1396990,"지포스 GTX1080 Ti/16nm/1518 MHz,부스트 1632MHz/3584개/PCIe3.0x16/GDDR5X(DDR5X)/11010MHz/11GB/352-bit/DVI/HDMI/DP/최대 모니터 4개/정격파워 600W 이상/전원부: 10페이즈/3개 팬/280mm/LED 라이트/RGB FUSION"
GIGABYTE 지포스 GTX1050 UD2 D5 2GB 미니미",4612,75,PCle3.0x16,136900,"지포스 GTX1050/14nm/1354 MHz,부스트 1455MHz/640개/PCIe3.0x16/GDDR5(DDR5)/7008MHz/2GB/128-bit/DVI/HDMI/DP/최대 모니터 3개/정격파워 300W 이상/전원부: 4페이즈/1개 팬/172mm"
갤럭시 GALAX 지포스 RTX 2080 Ti 개간지 OC D6 11GB BLACK Edition,17360,260,PCle3.0x16,1556900,지포스 RTX 2080 Ti/12nm/부스트 1635MHz/4352개/PCIe3.0x16/GDDR6(DDR6)/14000MHz/11GB/352-bit/HDMI/DP/USB Type-C/최대 모니터 4개/최대 260W/정격파워 650W 이상/전원부: 13+3페이즈/3개 팬/308mm/백플레이트/LED 라이트
ZOTAC GAMING AMP 지포스 RTX 2080 D6 8GB,15496,225,PCle3.0x16,110600,지포스 RTX 2080/12nm/부스트 1830MHz/2944개/PCIe3.0x16/GDDR6(DDR6)/8GB/256-bit/HDMI/DP/USB Type-C/최대 모니터 4개/최대 225W/정격파워 650W/3개 팬/308mm
MSI 지포스 RTX 2070 아머 OC D6 8GB,13771,185,PCle3.0x16,713000,"지포스 RTX 2070/12nm/1410 MHz,부스트 1740MHz/2304개/PCIe3.0x16/GDDR6(DDR6)/8GB/256-bit/HDMI/DP/USB Type-C/최대 모니터 4개/최대 185W/정격파워 550W 이상/2개 팬/309mm/백플레이트/LED 라이트/MYSTIC LIGHT"
갤럭시 GALAX 지포스 RTX 2070 BLACK LABEL EXOC D6 8GB,13771,215,PCle3.0x16,734800,"지포스 RTX 2070/12nm/1515 MHz,부스트 1815MHz/2304개/PCIe3.0x16/GDDR6(DDR6)/14000MHz/8GB/256-bit/HDMI/DP/USB Type-C/최대 모니터 4개/최대 215W/정격파워 550W 이상/전원부: 8페이즈/2개 팬/285mm/백플레이트/LED 라이트"
이엠텍 XENON 지포스 GTX1070 Ti JETSTREAM D5 8GB,12164,180,PCle3.0x16,752920,"지포스 GTX1070 Ti/1607 MHz,부스트 1683MHz/2432개/PCIe3.0x16/GDDR5(DDR5)/8000MHz/8GB/256-bit/DVI/HDMI/DP/최대 모니터 4개/최대 180W/정격파워 500W 이상/전원부: 9페이즈/2개 팬/285mm/백플레이트/LED 라이트/RGB LIGHTING"
GIGABYTE 지포스 GTX1060 UDV D5 3GB 윈드포스,8931,147,PCle3.0x16,256900,"지포스 GTX1060/16nm/1556 MHz,부스트 1771MHz/1152개/PCIe3.0x16/GDDR5(DDR5)/8008MHz/3GB/192-bit/DVI/HDMI/DP/최대 모니터 4개/최대 147W/정격파워 400W 이상/전원부: 5페이즈/2개 팬/223mm"
이엠텍 HV 지포스 GTX1060 WHITE MONSTER OC D5 6GB,9011,120,PCle3.0x16,367700,"지포스 GTX1060/16nm/1620 MHz, 부스트 1848MHz/1280개/PCIe3.0x16/GDDR5(DDR5)/8000MHz/6GB/192-bit/DVI/HDMI/DP/최대 모니터 4개/최대 120W/정격파워 400W 이상/전원부: 4페이즈/2개 팬/248mm/백플레이트/LED 라이트"
갤럭시 GALAX 지포스 GTX1060 개간지 EXOC D5 6GB,9011,120,PCle3.0x16,359200,"지포스 GTX1060/16nm/1620 MHz,부스트 1847MHz/1280개/PCIe3.0x16/GDDR5(DDR5)/8008MHz/6GB/192-bit/DVI/HDMI/DP/최대 모니터 4개/최대 120W/정격파워 400W 이상/전원부: 5페이즈/2개 팬/237mm"
ZOTAC AMP 지포스 GTX1070 Ti D5 8GB,12164,180,PCle3.0x16,570000,"지포스 GTX1070 Ti/16nm/1607 MHz,부스트 1683MHz/2432개/PCIe3.0x16/GDDR5(DDR5)/8008MHz/8GB/256-bit/DVI/HDMI/DP/최대 모니터 4개/최대 180W/정격파워 500W 이상/전원부: 11페이즈/2개 팬/300mm/백플레이트/LED 라이트/SPECTRA"
MSI 지포스 RTX 2080 시호크 X D6 8GB,15496,245,PCle3.0x16,1167500,"지포스 RTX 2080/12nm/1515 MHz,부스트 1860MHz/2944개/PCIe3.0x16/GDDR6(DDR6)/7000MHz/8GB/256-bit/HDMI/DP/USB Type-C/최대 모니터 4개/최대 245W/정격파워 650W/전원부: 10페이즈/1개 팬/268mm/백플레이트/수냉 장착 지원/LED 라이트"
MSI 지포스 GTX1080 아머 OC D5X 8GB,12328,180,PCle3.0x16,895480,"지포스 GTX1080/16nm/1657 MHz,부스트 1797MHz/2560개/PCIe3.0x16/GDDR5X(DDR5X)/10010MHz/8GB/256-bit/DVI/HDMI/DP/최대 모니터 4개/최대 180W/정격파워 500W 이상/전원부: 10페이즈/2개 팬/279mm"
ZOTAC 지포스 GTX1050 MINi D5 2GB,4612,75,PCle3.0x16,132900,"지포스 GTX1050/14nm/1354 MHz,부스트 1455MHz/640개/PCIe3.0x16/GDDR5(DDR5)/7000MHz/2GB/128-bit/DVI/HDMI/DP/최대 모니터 3개/최대 75W/정격파워 300W 이상/전원부: 4페이즈/1개 팬/144.78mm"
GIGABYTE 지포스 GTX1070 G1.Gaming D5 8GB,11209,150,PCle3.0x16,542900,"지포스 GTX1070/16nm/1594 MHz,부스트 1784MHz/1920개/PCIe3.0x16/GDDR5(DDR5)/8008MHz/8GB/256-bit/DVI/HDMI/DP/최대 모니터 4개/정격파워 500W 이상/전원부: 8페이즈/3개 팬/286mm/LED 라이트/RGB FUSION"
MSI 지포스 GTX1060 OC D5 6GB 윈드스톰,9011,120,PCle3.0x16,309700,"지포스 GTX1060/16nm/1544 MHz, 부스트 1759MHz/1280개/PCIe3.0x16/GDDR5(DDR5)/8008MHz/6GB/192-bit/DVI/HDMI/DP/최대 120W/정격파워 400W 이상/2개 팬/247mm"
ZOTAC 지포스 GTX1050 Ti MINi D5 4GB,5950,75,PCle3.0x16,164400,"지포스 GTX1050 Ti/14nm/1303 MHz,부스트 1417MHz/768개/PCIe3.0x16/GDDR5(DDR5)/7000MHz/4GB/128-bit/DVI/HDMI/DP/최대 모니터 3개/최대 75W/정격파워 300W 이상/전원부: 4페이즈/1개 팬/144.78mm"
GIGABYTE AORUS Xtreme 지포스 RTX 2070 D6 8GB,13771,120,PCle3.0x16,241100,"지포스 GTX1060/16nm/1544 MHz,부스트 1759MHz/1152개/PCIe3.0x16/GDDR5(DDR5)/8008MHz/3GB/192-bit/DVI/HDMI/DP/최대 모니터 4개/최대 120W/정격파워 400W 이상/전원부: 5페이즈/2개 팬/268mm"
이엠텍 XENON 지포스 GTX1060 Super JETSTREAM D5 6GB,9011,120,PCle3.0x16,408310,"지포스 GTX1060/16nm/1620 MHz,부스트 1848MHz/1280개/PCIe3.0x16/GDDR5(DDR5)/8000MHz/6GB/192-bit/DVI/HDMI/DP/최대 모니터 4개/최대 120W/정격파워 400W 이상/전원부: 4페이즈/2개 팬/250mm/백플레이트/LED 라이트/RGB LIGHTING"
GIGABYTE 지포스 RTX 2070 UDV WF3 D6 8GB,13771,215,PCle3.0x16,692800,지포스 RTX 2070/12nm/1620MHz/2304개/PCIe3.0x16/GDDR6(DDR6)/14000MHz/8GB/256-bit/HDMI/DP/USB Type-C/최대 모니터 4개/정격파워 550W/전원부: 8+2페이즈/3개 팬/281mm/백플레이트/LED 라이트/RGB FUSION
이엠텍 XENON 지포스 GTX1050 Ti STORM X Dual OC D5 4GB,5950,75,PCle3.0x16,191900,"지포스 GTX1050 Ti/14nm/1366 MHz,부스트 1480MHz/768개/PCIe3.0x16/GDDR5(DDR5)/7000MHz/4GB/128-bit/DVI/HDMI/DP/최대 모니터 3개/최대 75W/정격파워 300W 이상/전원부: 4페이즈/2개 팬/220mm"
이엠텍 XENON 지포스 GTX1080 Ti Super JETSTREAM D5X 11GB,14102,250,PCle3.0x16,1290000,"지포스 GTX1080 Ti/16nm/1556 MHz,부스트 1670MHz/3584개/PCIe3.0x16/GDDR5X(DDR5X)/11000MHz/11GB/352-bit/DVI/HDMI/DP/최대 모니터 4개/최대 250W/정격파워 600W 이상/전원부: 14페이즈/2개 팬/285mm/백플레이트/LED 라이트/RGB LIGHTING"
MSI 지포스 RTX 2080 에어로 D6 8GB,15496,215,PCle3.0x16,967100,"지포스 RTX 2080/12nm/1515 MHz,부스트 1710MHz/2944개/PCIe3.0x16/GDDR6(DDR6)/7000MHz/8GB/256-bit/HDMI/DP/USB Type-C/최대 모니터 4개/최대 215W/정격파워 650W/전원부: 10페이즈/1개 팬/268mm/백플레이트"
MSI 지포스 RTX 2080 벤투스 OC D6 8GB,15496,225,PCle3.0x16,1006000,"지포스 RTX 2080/12nm/1515 MHz,부스트 1800MHz/2944개/PCIe3.0x16/GDDR6(DDR6)/7000MHz/8GB/256-bit/HDMI/DP/USB Type-C/최대 모니터 4개/최대 225W/정격파워 650W/전원부: 11페이즈/2개 팬/268mm/백플레이트"
MSI 지포스 GTX1050 Ti OC D5 4GB 스톰,5950,75,PCle3.0x16,170400,"지포스 GTX1050 Ti/14nm/1341 MHz,부스트 1455MHz/768개/PCIe3.0x16/GDDR5(DDR5)/7008MHz/4GB/128-bit/DVI/HDMI/DP/최대 모니터 3개/최대 75W/정격파워 300W 이상/1개 팬/177mm"
갤럭시 GALAX 지포스 RTX 2080 BLACK LABEL D6 8GB,15496,225,PCle3.0x16,999200,"지포스 RTX 2080/12nm/1515 MHz,부쇼트 1710MHz/2944개/PCIe3.0x16/GDDR6(DDR6)/14000MHz/8GB/256-bit/HDMI/DP/USB Type-C/최대 모니터 4개/최대 225W/정격파워 650W/전원부: 10페이즈/2개 팬/268mm/백플레이트/LED 라이트"
GIGABYTE 지포스 RTX 2080 UDV D6 8GB 윈드포스,15496,225,PCle3.0x16,1057300,"지포스 RTX 2080/12nm/1785 MHz,1800MHz/2944개/PCIe3.0x16/GDDR6(DDR6)/14000MHz/8GB/256-bit/HDMI/DP/USB Type-C/최대 모니터 4개/정격파워 650W/전원부: 8+2페이즈/3개 팬/281mm/백플레이트/LED 라이트/RGB FUSION"
ZOTAC GAMING 지포스 RTX 2080 D6 8GB TWIN,15496,215,PCle3.0x16,1015900,지포스 RTX 2080/12nm/부스트 1770MHz/2944개/PCIe3.0x16/GDDR6(DDR6)/8GB/256-bit/HDMI/DP/USB Type-C/최대 모니터 4개/최대 215W/정격파워 650W/2개 팬/308mm/백플레이트
GIGABYTE 지포스 GTX1070 UDV D5 8GB 윈드포스,11209,170,PCle3.0x16,517800,"지포스 GTX1070/16nm/1556 MHz,부스트 1746MHz/1920개/PCIe3.0x16/GDDR5(DDR5)/8008MHz/8GB/256-bit/DVI/HDMI/DP/최대 모니터 4개/정격파워 500W 이상/전원부: 8페이즈/2개 팬(90nm)/295mm"
이엠텍 XENON 지포스 GTX1070 JETSTREAM D5 8GB,11209,170,PCle3.0x16,537900,"지포스 GTX1070/16nm/1506 MHz,부스트 1683MHz/1920개/PCIe3.0x16/GDDR5(DDR5)/8000MHz/8GB/256-bit/DVI/HDMI/DP/최대 모니터 4개/최대 170W/정격파워 500W 이상/전원부: 9페이즈/2개 팬/285mm/백플레이트/LED 라이트/RGB LIGHTING"
ZOTAC AMP 지포스 GTX1080 AIR D5X 8GB,12328,180,PCle3.0x16,748410,"지포스 GTX1080/16nm/1620 MHz,부스트 1759MHz/2560개/PCIe3.0x16/GDDR5X(DDR5X)/10000MHz/8GB/256-bit/DVI/HDMI/DP/최대 모니터 4개/최대 180W/정격파워 500W 이상/전원부: 6페이즈/2개 팬/211mm/백플레이트/LED 라이트/SPECTRA"
이엠텍 XENON 지포스 GTX1060 JETSTREAM D5 6GB,9011,120,PCle3.0x16,352300,"지포스 GTX1060/16nm/1506 MHz,부스트 1708MHz/1280개/PCIe3.0x16/GDDR5(DDR5)/8000MHz/6GB/192-bit/DVI/HDMI/DP/최대 모니터 4개/최대 120W/정격파워 400W 이상/전원부: 4페이즈/2개 팬/250mm/백플레이트/LED 라이트/RGB LIGHTING"
갤럭시 BOY 지포스 GTX1060 OC D5 6GB,9011,120,PCle3.0x16,316500,"지포스 GTX1060/16nm/1518 MHz,부스트 1733MHz/1280개/PCIe3.0x16/GDDR5(DDR5)/8008MHz/6GB/192-bit/DVI/HDMI/DP/최대 모니터 3개/최대 120W/정격파워 400W 이상/전원부: 5페이즈/2개 팬/245mm"
갤럭시 GALAX 지포스 GTX1070 개간지 EXOC D5 8GB,11209,150,PCle3.0x16,534700,"지포스 GTX1070/16nm/1594 MHz,부스트 1784MHz/1920개/PCIe3.0x16/GDDR5(DDR5)/8008MHz/8GB/256-bit/DVI/HDMI/DP/최대 150W/정격파워 500W 이상/전원부: 7페이즈/2개 팬/296mm/LED 라이트"
GIGABYTE 지포스 RTX 2070 Gaming OC D6 8GB 화이트,13771,215,PCle3.0x16,792800,"지포스 RTX 2070/12nm/1725 MHz,부스트 1740MHz/2304개/PCIe3.0x16/GDDR6(DDR6)/14000MHz/8GB/256-bit/HDMI/DP/USB Type-C/최대 모니터 4개/정격파워 550W/전원부: 8+2페이즈/3개 팬/281mm/백플레이트/LED 라이트/RGB FUSION"
GIGABYTE 라데온 RX 580 Gaming D5 8GB,8433,185,PCle3.0x16,313800,"라데온 RX 580/14nm/1340 MHz,부스트 1355MHz/2304개/PCIe3.0x16/GDDR5(DDR5)/8000MHz/8GB/256-bit/DVI/HDMI/DP/최대 모니터 5개/정격파워 500W 이상/전원부: 8페이즈/2개 팬/232mm/백플레이트/LED 라이트/RGB FUSION"
GIGABYTE AORUS 지포스 RTX 2080 D6 8GB,15496,256,PCle3.0x16,1160900,지포스 RTX 2080/12nm/부스트 1845MHz/2944개/PCIe3.0x16/GDDR6(DDR6)/14000MHz/8GB/256-bit/HDMI/DP/USB Type-C/최대 모니터 4개/정격파워 650W 이상/전원부: 12+2페이즈/3개 팬/290mm/백플레이트/LED 라이트/RGB FUSION
갤럭시 GALAX 지포스 RTX 2080 BLACK LABEL EXOC D6 8GB,15496,245,PCle3.0x16,1021300,"지포스 RTX 2080/12nm/1515 MHz,부스트 1845MHz/2944개/PCIe3.0x16/GDDR6(DDR6)/14000MHz/8GB/256-bit/HDMI/DP/USB Type-C/최대 모니터 4개/최대 245W/정격파워 650W 이상/전원부: 10페이즈/2개 팬/285mm/백플레이트/LED 라이트"
이엠텍 HV 지포스 GTX1050 MINI MONSTER D5 2GB,4612,75,PCle3.0x16,131700,"지포스 GTX1050/14nm/1354 MHz, 부스트 1455MHz/640개/GDDR5(DDR5)/7000MHz/2GB/128-bit/DVI/HDMI/DP/최대 모니터 3개/최대 75W/정격파워 300W 이상/전원부: 3페이즈/1개 팬/166mm"
GIGABYTE 지포스 GTX1070 AORUS Gaming Box,11209,193,PCle3.0x16,715000,"외장그래픽/지포스 GTX1070/16nm/1531 MHz,부스트 1721MHz/1920개/PCIe3.0x16/GDDR5(DDR5)/8008MHz/8GB/256-bit/DVI/DP/썬더볼트3/USB 3.0/최대 모니터 4개/최대 193W/전원부: 6페이즈/1개 팬"
GIGABYTE AORUS 지포스 RTX 2070 D6 8GB,13771,215,PCle3.0x16,865800,지포스 RTX 2070/12nm/부스트 1770MHz/2304개/PCIe3.0x16/GDDR6(DDR6)/14000MHz/8GB/256-bit/HDMI/DP/USB Type-C/최대 모니터 4개/정격파워 550W/전원부: 10+2페이즈/3개 팬/290mm/백플레이트/LED 라이트/RGB FUSION
이엠텍 XENON 지포스 GTX1080 Super JETSTREAM D5X 8GB,12328,180,PCle3.0x16,956960,"지포스 GTX1080/16nm/1708 MHz,부스트 1847MHz/2560개/PCIe3.0x16/GDDR5X(DDR5X)/10000MHz/8GB/256-bit/DVI/HDMI/DP/최대 모니터 4개/최대 180W/정격파워 500W 이상/전원부: 10페이즈/2개 팬/285mm/백플레이트/LED 라이트/RGB LIGHTING"
GIGABYTE 지포스 GTX1060 G1.Gaming D5 6GB,9011,150,PCle3.0x16,371900,"지포스 GTX1060/16nm/1594 MHz,부스트 1809MHz/1280개/PCIe3.0x16/GDDR5(DDR5)/8008MHz/6GB/192-bit/DVI/HDMI/DP/최대 모니터 4개/최대 150W/정격파워 400W 이상/전원부: 7페이즈/2개 팬/278mm"
갤럭시 GALAX 지포스 GTX1060 개간지 EXOC D5 3GB,8931,120,PCle3.0x16,273500,"지포스 GTX1060/16nm/1556 MHz,부스트 1771MHz/1152개/PCIe3.0x16/GDDR5(DDR5)/8008MHz/3GB/192-bit/DVI/HDMI/DP/최대 모니터 4개/최대 120W/정격파워 400W 이상/전원부: 5페이즈/2개 팬/237mm"
GIGABYTE 라데온 RX Vega 64 Gaming HBM2 8GB,11875,300,PCle3.0x16,814000,"라데온 RX Vega 64/14nm/1276 MHz,부스트 1560MHz/4096개/PCIe3.0x16/HBM(2세대)/8GB/2048-bit/HDMI/DP/최대 모니터 6개/정격파워 750W 이상/전원부: 13페이즈/2개 팬/274mm/백플레이트"
이엠텍 HV 지포스 RTX 2080 BLACK MONSTER OC D6 8GB,15496,300,PCle3.0x16,1107000,지포스 RTX 2080/12nm/2944개/PCIe3.0x16/GDDR6(DDR6)/8GB/256-bit
갤럭시 BOY 지포스 GTX1070 Ti OC D5 8GB,12164,180,PCle3.0x16,596200,"지포스 GTX1070 Ti/16nm/1607 MHz, 부스트 1683MHz/2432개/PCIe3.0x16/GDDR5(DDR5)/8008MHz/8GB/256-bit/DVI/HDMI/DP/최대 모니터 4개/최대 180W/정격파워 500W 이상/전원부: 7페이즈/2개 팬/296mm/백플레이트/LED 라이트"
갤럭시 GALAX 지포스 GTX1060 EXOC D5 6GB G天命,9011,120,PCle3.0x16,335200,"지포스 GTX1060/16nm/1556 MHz,부스트 1771MHz/1280개/PCIe3.0x16/GDDR5(DDR5)/8008MHz/6GB/192-bit/DVI/HDMI/DP/최대 모니터 4개/최대 120W/정격파워 400W 이상/전원부: 5페이즈/2개 팬/268mm"
GIGABYTE 지포스 GTX1080 G1.Gaming D5X 8GB,12328,180,PCle3.0x16,902390,"지포스 GTX1080/16nm/1695 MHz,부스트 1835MHz/2560개/PCIe3.0x16/GDDR5X(DDR5X)/10010MHz/8GB/256-bit/DVI/HDMI/DP/최대 모니터 4개/정격파워 500W 이상/전원부: 10페이즈/3개 팬/286mm/LED 라이트/RGB FUSION"
MSI 지포스 GTX1080 Ti 게이밍 D5X 11GB 트윈프로져6,14102,250,PCle3.0x16,1262000,"지포스 GTX1080 Ti/16nm/1506 MHz,부스트 1620MHz/3584개/PCIe3.0x16/GDDR5X(DDR5X)/11124MHz/11GB/352-bit/DVI/HDMI/DP/최대 모니터 4개/최대 250W/정격파워 600W 이상/전원부: 8페이즈/2개 팬/290mm/백플레이트/LED 라이트/MYSTIC LIGHT"
ZOTAC 지포스 GTX1060 MINi D5 3GB,8931,120,PCle3.0x16,242400,"지포스 GTX1060/16nm/1506 MHz,부스트 1708MHz/1152개/PCIe3.0x16/GDDR5(DDR5)/8000MHz/3GB/192-bit/DVI/HDMI/DP/최대 모니터 4개/최대 120W/정격파워 400W 이상/전원부: 5페이즈/1개 팬/174mm"
GIGABYTE 지포스 GTX1050 UDV D5 2GB 윈드포스,4612,75,PCle3.0x16,168600,"지포스 GTX1050/14nm/1392 MHz,부스트 1506MHz/640개/PCIe3.0x16/GDDR5(DDR5)/7008MHz/2GB/128-bit/DVI/HDMI/DP/최대 모니터 4개/정격파워 300W 이상/전원부: 5페이즈/2개 팬/229mm"
이엠텍 XENON 지포스 GTX1070 Super JETSTREAM D5 8GB,11209,170,PCle3.0x16,601000,"지포스 GTX1070/16nm/1632 MHz,부스트 1835MHz/1920개/PCIe3.0x16/GDDR5(DDR5)/8000MHz/8GB/256-bit/DVI/HDMI/DP/최대 모니터 4개/최대170W/정격파워 500W 이상/전원부: 9페이즈/2개 팬/285mm/백플레이트/LED 라이트/RGB LIGHTING"
ZOTAC GAMING 지포스 RTX 2080 Ti D6 11GB TRIPLE,17360,250,PCle3.0x16,1880000,지포스 RTX 2080 Ti/12nm/1605MHz/4352개/PCIe3.0x16/GDDR6(DDR6)/14000MHz/11GB/352-bit/HDMI/DP/USB Type-C/최대 모니터 4개/최대 250W/정격파워 650W/3개 팬/308mm/LED 라이트/SPECTRA
갤럭시 BOY 지포스 GTX1070 V3 OC D5 8GB,11209,150,PCle3.0x16,504800,"지포스 GTX1070/16nm/1518 MHz, 부스트 1708MHz/1920개/PCIe3.0x16/GDDR5(DDR5)/8008MHz/8GB/256-bit/DVI/HDMI/DP/최대 모니터 4개/최대 150W/정격파워 500W 이상/전원부: 5+2페이즈/2개 팬/296mm/백플레이트/LED 라이트"
갤럭시 GALAX 지포스 GTX1050 Ti 개간지 EXOC D5 4GB,5950,75,PCle3.0x16,195900,"지포스 GTX1050 Ti/14nm/1354 MHz,부스트 1468MHz/768개/GDDR5(DDR5)/7008MHz/4GB/128-bit/DVI/HDMI/DP/최대 모니터 4개/최대 75W/정격파워 300W 이상/전원부: 4페이즈/2개 팬/230mm/LED 라이트"
GIGABYTE 지포스 GTX1050 UD2 WF-2X D5 3GB,4612,75,PCle3.0x16,168000,"지포스 GTX1050/14nm/1417 MHz, 부스트 1556MHz/768개/PCIe3.0x16/GDDR5(DDR5)/7008MHz/3GB/96-bit/DVI/HDMI/DP/최대 모니터 3개/정격파워 300W 이상/전원부: 4페이즈/2개 팬/191mm"
ZOTAC GAMING AMP EXTREME CORE 지포스 RTX 2070 D6 8GB,13771,225,PCle3.0x16,803800,지포스 RTX 2070/12nm/부스트 1815MHz/2304개/PCIe3.0x16/GDDR6(DDR6)/8GB/256-bit/HDMI/DP/USB Type-C/최대 모니터 4개/최대 225W/정격파워 550W/3개 팬/308mm/백플레이트/LED 라이트/SPECTRA
GIGABYTE 지포스 GTX1050 UD2 WF-2X D5 2GB,4612,75,PCle3.0x16,149900,"지포스 GTX1050/14nm/1379 MHz,부스트 1493MHz/640개/PCIe3.0x16/GDDR5(DDR5)/7008MHz/2GB/128-bit/DVI/HDMI/DP/최대 모니터 3개/정격파워 300W 이상/전원부: 4페이즈/2개 팬/191mm"
갤럭시 BOY 지포스 RTX 2070 EXOC D6 8GB,13771,215,PCle3.0x16,741600,"지포스 RTX 2070/12nm/1515MHz,부스트 1815MHz/2304개/PCIe3.0x16/GDDR6(DDR6)/14000MHz/8GB/256-bit/HDMI/DP/USB Type-C/최대 모니터 4개/최대 215W/정격파워 550W 이상/전원부: 8페이즈/2개 팬/285mm/백플레이트/LED 라이트"
갤럭시 GALAX 지포스 RTX 2080 BLACK LABEL OC D6 8GB,15496,225,PCle3.0x16,1012800,"지포스 RTX 2080/12nm/1515MHz,부스트 1785MHz/2944개/PCIe3.0x16/GDDR6(DDR6)/14000MHz/8GB/256-bit/HDMI/DP/USB Type-C/최대 모니터 4개/최대 225W/정격파워 650W 이상/전원부: 10페이즈/2개 팬/268mm/백플레이트/LED 라이트"
GIGABYTE 지포스 GTX1050 UD2 D5 2GB Nano LP,4612,75,PCle3.0x16,151300,"지포스 GTX1050/14nm/1366 MHz,1468MHz/640개/PCIe3.0x16/GDDR5(DDR5)/7008MHz/2GB/128-bit/DVI/HDMI/DP/최대 모니터 4개/정격파워 300W 이상/전원부: 4페이즈/1개 팬/167mm"
갤럭시 GALAX 지포스 GTX1050 Ti EXOC D5 4GB G天命,5950,75,PCle3.0x16,191700,"지포스 GTX1050 Ti/14nm/1354 MHz,부스트 1468MHz/768개/PCIe3.0x16/GDDR5(DDR5)/7008MHz/4GB/128-bit/DVI/HDMI/DP/최대 모니터 4개/최대 75W/정격파워 300W 이상/전원부: 4페이즈/2개 팬/245mm"
GIGABYTE 지포스 GTX1070 UDV D5 8GB 미니미,11209,170,PCle3.0x16,483700,"지포스 GTX1070/16nm/1531 MHz,부스트 1721MHz/1920개/PCIe3.0x16/GDDR5(DDR5)/8008MHz/8GB/256-bit/DVI/HDMI/DP/최대 모니터 4개/정격파워 500W 이상/전원부: 6페이즈/1개 팬/170mm"
MSI 라데온 RX 560 에어로 ITX OC D5 2GB,4398,80,PCle3.0x16,147400,라데온 RX 560/14nm/1196MHz/1024개/PCIe3.0x16/GDDR5(DDR5)/7000MHz/2GB/128-bit/DVI/HDMI/DP/최대 모니터 3개/정격파워 400W 이상/1개 팬/155mm
갤럭시 GALAX 지포스 GTX1050 Ti OC D5 4GB LP,5950,75,PCle3.0x16,192500,"지포스 GTX1050 Ti/14nm/1303 MHz,부스트 1417MHz/768개/PCIe3.0x16/GDDR5(DDR5)/7008MHz/4GB/128-bit/DVI/HDMI/DP/최대 75W/정격파워 300W 이상/전원부: 3페이즈/2개 팬/166mm"
GIGABYTE 지포스 GTX1050 Ti UD2 WF-2X D5 4GB,5950,75,PCle3.0x16,208900,"지포스 GTX1050 Ti/14nm/1316 MHz,부스트 1430MHz/768개/PCIe3.0x16/GDDR5(DDR5)/7008MHz/4GB/128-bit/DVI/HDMI/DP/최대 모니터 3개/정격파워 300W 이상/전원부: 4페이즈/2개 팬/191mm"
GIGABYTE 지포스 GTX1080 Ti AORUS Xtreme D5X 11GB,14102,270,PCle3.0x16,1744110,"지포스 GTX1080 Ti/16nm/1607 MHz,부스트 1721MHz/3584개/PCIe3.0x16/GDDR5X(DDR5X)/11232MHz/11GB/352-bit/DVI/HDMI/DP/최대 모니터 4개/정격파워 600W 이상/전원부: 14페이즈/3개 팬/293mm/백플레이트/LED 라이트/RGB FUSION"
갤럭시 BOY 지포스 GTX1060 OC D5 3GB,8931,120,PCle3.0x16,238600,"지포스 GTX1060/16nm/1518 MHz,부스트 1733MHz/1152개/PCIe3.0x16/GDDR5(DDR5)/8008MHz/3GB/192-bit/DVI/HDMI/DP/최대 모니터 3개/최대 120W/정격파워 400W 이상/전원부: 5페이즈/2개 팬/245mm"
갤럭시 GALAX 지포스 GTX1070 Ti GAMER OC D5 8GB,12164,170,PCle3.0x16,601800,"지포스 GTX1070 Ti/16nm/1607 MHz,부스트 1683MHz/2432개/PCIe3.0x16/GDDR5(DDR5)/8008MHz/8GB/256-bit/DVI/HDMI/DP/최대 모니터 4개/최대 180W/정격파워 500W 이상/전원부: 5+2페이즈/2개 팬/270mm/백플레이트"
MSI 지포스 GTX1060 게이밍 X D5 3GB 트윈프로져6,8931,120,PCle3.0x16,329000,"지포스 GTX1060/16nm/1594 MHz,부스트 1809MHz/1152개/PCIe3.0x16/GDDR5(DDR5)/8108MHz/3GB/192-bit/DVI/HDMI/DP/최대 모니터 4개/최대 120W/정격파워 400W 이상/전원부: 6페이즈/2개 팬/277mm/백플레이트/LED 라이트/MYSTIC LIGHT"
GIGABYTE 라데온 RX 570 Gaming D5 4GB,6740,150,PCle3.0x16,274500,"라데온 RX 570/14nm/1244 MHz,부스트 1255MHz/2048개/PCIe3.0x16/GDDR5(DDR5)/7000MHz/4GB/256-bit/DVI/HDMI/DP/최대 모니터 5개/정격파워 500W 이상/전원부: 7페이즈/2개 팬/232mm/백플레이트/LED 라이트/RGB FUSION"
갤럭시 GALAX 지포스 GTX1070 EX D5 8GB,11209,150,PCle3.0x16,507300,"지포스 GTX1070/16nm/1518 MHz,부스트 1708MHz/1920개/PCIe3.0x16/GDDR5(DDR5)/8008MHz/8GB/256-bit/DVI/HDMI/DP/최대 모니터 4개/최대 150W/정격파워 500W 이상/전원부: 7페이즈/2개 팬/287mm/백플레이트/2018년 8월 28일부터 쿨러 변경, LED 미장착"
ZOTAC GAMING 지포스 RTX 2080 D6 8GB BLOWER,15496,215,PCle3.0x16,1052000,지포스 RTX 2080/12nm/부스트 1710MHz/2944개/PCIe3.0x16/GDDR6(DDR6)/8GB/256-bit/HDMI/DP/USB Type-C/최대 모니터 4개/최대 215W/정격파워 650W/268mm
이엠텍 HV 지포스 GTX1050 Ti MINI MONSTER D5 4GB,5950,75,PCle3.0x16,176800,"지포스 GTX1050 Ti/14nm/1290 MHz, 부스트 1392MHz/768개/GDDR5(DDR5)/7000MHz/4GB/128-bit/DVI/HDMI/DP/최대 모니터 3개/최대 75W/정격파워 300W 이상/전원부: 3페이즈/1개 팬/166mm"
갤럭시 BOY 지포스 RTX 2070 SG Edition D6 8GB,13771,215,PCle3.0x16,774900,"지포스 RTX 2070/12nm/1620MHz,부스트 1830MHz/2304개/PCIe3.0x16/GDDR6(DDR6)/14000MHz/8GB/256-bit/HDMI/DP/USB Type-C/최대 모니터 4개/최대 215W/정격파워 550W 이상/전원부: 8페이즈/3개 팬/308mm/백플레이트/LED 라이트"
갤럭시 GALAX 지포스 GTX1050 EXOC D5 2GB G天命,4612,75,PCle3.0x16,151500,"지포스 GTX1050/14nm/1417 MHz,부스트 1531MHz/640개/PCIe3.0x16/GDDR5(DDR5)/7008MHz/2GB/128-bit/DVI/HDMI/DP/최대 모니터 4개/최대 75W/정격파워 300W 이상/전원부: 4페이즈/2개 팬/245mm"
GIGABYTE 라데온 RX Vega 56 Gaming HBM2 8GB,11416,210,PCle3.0x16,634000,"라데온 RX Vega 56/14nm/1156 MHz,부스트 1471MHz/4096개/PCIe3.0x16/HBM(2세대)/8GB/2048-bit/HDMI/DP/최대 모니터 5개/정격파워 650W 이상/2개 팬/274mm/백플레이트"
갤럭시 BOY 지포스 RTX 2080 SG Edition D6 8GB,15496,225,PCle3.0x16,1076400,지포스 RTX 2080/12nm/부스트 1800MHz/2944개/PCIe3.0x16/GDDR6(DDR6)/14000MHz/8GB/256-bit/HDMI/DP/USB Type-C/최대 모니터 4개/최대 225W/정격파워 650W 이상/전원부: 10페이즈/3개 팬/308mm/백플레이트/LED 라이트
갤럭시 GALAX 지포스 RTX 2080 Ti BLACK LABEL OC D6 11GB,17390,260,PCle3.0x16,1597000,"지포스 RTX 2080 Ti/12nm/1350 MHz,부스트 1620MHz/4352개/PCIe3.0x16/GDDR6(DDR6)/14000MHz/11GB/352-bit/HDMI/DP/USB Type-C/최대 260W/정격파워 650W/전원부: 13+3페이즈/2개 팬/268mm/백플레이트/LED 라이트"
ZOTAC AMP 지포스 GTX1080 Ti D5X 11GB,14102,270,PCle3.0x16,1339200,"지포스 GTX1080 Ti/16nm/1569 MHz,부스트 1683MHz/3584개/PCIe3.0x16/GDDR5X(DDR5X)/11010MHz/11GB/352-bit/DVI/HDMI/DP/최대 모니터 4개/최대 270W/정격파워 600W 이상/전원부: 18페이즈/2개 팬/300mm/백플레이트"
GIGABYTE 지포스 GTX1080 Ti AORUS Xtreme D5X 11GB 워터포스,14102,270,PCle3.0x16,2356520,"지포스 GTX1080 Ti/16nm/1607 MHz,부스트 1721MHz/3584개/PCIe3.0x16/GDDR5X(DDR5X)/11232MHz/11GB/352-bit/DVI/HDMI/DP/최대 모니터 4개/정격파워 600W 이상/전원부: 14페이즈/1개 팬/267mm/백플레이트/수냉 장착 지원/LED 라이트/RGB FUSION"
GIGABYTE 지포스 RTX 2080 Gaming D6 8GB 화이트,15496,300,PCle3.0x16,1122200,지포스 RTX 2080/12nm/부스트 1830MHz/2944개/PCIe3.0x16/GDDR6(DDR6)/14000MHz/8GB/256-bit/HDMI/DP/USB Type-C/최대 모니터 4개/정격파워 650W 이상/전원부: 8+2페이즈/3개 팬/287mm/백플레이트/LED 라이트/RGB FUSION
MSI 라데온 RX 570 아머 OC D5 8GB,6740,150,PCle3.0x16,240700,라데온 RX 570/14nm/1268MHz/2048개/PCIe3.0x16/GDDR5(DDR5)/7000MHz/8GB/256-bit/DVI/HDMI/DP/최대 모니터 5개/최대 150W/정격파워 450W 이상/2개 팬/246mm
MSI 지포스 GTX1070 Ti 티타늄 D5 8GB 트윈프로져6,12164,180,PCle3.0x16,712200,"지포스 GTX1070 Ti/16nm/1607 MHz,부스트 1683MHz/2432개/PCIe3.0x16/GDDR5(DDR5)/8008MHz/8GB/256-bit/DVI/HDMI/DP/최대 모니터 4개/최대 180W/정격파워 500W 이상/전원부: 10페이즈/2개 팬/279mm/백플레이트/LED 라이트"
이엠텍 HV 지포스 RTX 2070 BLACK MONSTER OC D6 8GB,13771,215,PCle3.0x16,777500,지포스 RTX 2070/12nm/2304개/PCIe3.0x16/GDDR6(DDR6)/8GB/256-bit/HDMI/DP/USB Type-C/3개 팬
GIGABYTE 지포스 GTX1050 Ti G1.Gaming D5 4GB,5950,75,PCle3.0x16,233500,"지포스 GTX1050 Ti/14nm/1366 MHz,부스트 1480MHz/768개/PCIe3.0x16/GDDR5(DDR5)/7008MHz/4GB/128-bit/DVI/HDMI/DP/최대 모니터 4개/정격파워 300W 이상/전원부: 5페이즈/2개 팬/219mm"
GIGABYTE 라데온 RX 580 Gaming D5 4GB,5019,185,PCle3.0x16,290500,"라데온 RX 580/14nm/1340 MHz,부스트 1355MHz/2304개/PCIe3.0x16/GDDR5(DDR5)/7000MHz/4GB/256-bit/DVI/HDMI/DP/최대 모니터 5개/정격파워 500W 이상/전원부: 8페이즈/2개 팬/232mm/백플레이트/LED 라이트/RGB FUSION"
이엠텍 HV 지포스 GTX1060 WHITE MONSTER D5 6GB,9011,120,PCle3.0x16,360000,"지포스 GTX1060/16nm/1506 MHz, 부스트 1708MHz/1280개/PCIe3.0x16/GDDR5(DDR5)/8000MHz/6GB/192-bit/DVI/HDMI/DP/최대 모니터 4개/최대 120W/정격파워 400W 이상/전원부: 4페이즈/2개 팬/248mm/백플레이트/LED 라이트"
GIGABYTE 지포스 GTX1080 Ti AORUS Xtreme D5X 11GB 워터블럭,14102,270,PCle3.0x16,1405000,"지포스 GTX1080 Ti/16nm/1607 MHz,부스트 1721MHz/3584개/PCIe3.0x16/GDDR5X(DDR5X)/11232MHz/11GB/352-bit/DVI/HDMI/DP/최대 모니터 4개/정격파워 600W 이상/전원부: 14페이즈/267mm/백플레이트/수냉 장착 지원/LED 라이트/RGB FUSION"
갤럭시 GALAX 지포스 GTX1070 개간지 EXOC D5 8GB Black Edition,11209,150,PCle3.0x16,521700,"지포스 GTX1070/16nm/1594 MHz, 부스트 1784MHz/1920개/PCIe3.0x16/GDDR5(DDR5)/8008MHz/8GB/256-bit/DVI/HDMI/DP/최대 모니터 4개/최대 150W/정격파워 500W 이상/전원부: 7페이즈/2개 팬/296mm/백플레이트/LED 라이트"
ZOTAC AMP BOX Mini 지포스 GTX1060 D5 6GB 백플레이트,9011,120,PCle3.0x16,691890,"외장그래픽/지포스 GTX1060/16nm/1556 MHz,부스트 1771MHz/1280개/PCIe3.0x16/GDDR5(DDR5)/8000MHz/6GB/192-bit/DVI/DP/썬더볼트3/USB 3.0/최대 120W/전원부: 5페이즈/2개 팬/210mm"
MSI 지포스 GTX1070 게이밍 X D5 8GB 트윈프로져6,11209,150,PCle3.0x16,718000,"지포스 GTX1070/16nm/1607 MHz,부스트 1797MHz/1920개/PCIe3.0x16/GDDR5(DDR5)/8108MHz/8GB/256-bit/DVI/HDMI/DP/최대 모니터 4개/최대 150W/정격파워 500W 이상/전원부: 10페이즈/2개 팬/279mm/백플레이트/LED 라이트/MYSTIC LIGHT"
이엠텍 HV 지포스 GTX1060 WHITE MONSTER D5 3GB,8931,120,PCle3.0x16,259900,"지포스 GTX1060/16nm/1506 MHz, 부스트1708MHz/1152개/PCIe3.0x16/GDDR5(DDR5)/8000MHz/3GB/192-bit/DVI/HDMI/DP/최대 모니터 4개/최대 120W/정격파워 400W 이상/전원부: 4페이즈/2개 팬/248mm/백플레이트/LED 라이트"
MSI 지포스 GTX1050 OC D5 2GB 윈드스톰,4612,75,PCle3.0x16,144000,"지포스 GTX1050/14nm/1404 MHz,부스트 1518MHz/640개/PCIe3.0x16/GDDR5(DDR5)/7000MHz/2GB/128-bit/DVI/HDMI/DP/최대 모니터 3개/최대 75W/정격파워 300W 이상/2개 팬/215mm"
갤럭시 GALAX 지포스 GTX1080 EXOC D5X 8GB G美,12328,180,PCle3.0x16,846990,"지포스 GTX1080/16nm/1657 MHz,부스트 1797MHz/2560개/PCIe3.0x16/GDDR5X(DDR5X)/10010MHz/8GB/256-bit/DVI/HDMI/DP/최대 모니터 4개/최대 180W/정격파워 500W 이상/전원부: 8페이즈/2개 팬/282mm/LED 라이트"
MSI 지포스 GTX1060 아머 OC D5 6GB,8931,140,PCle3.0x16,253900,"지포스 GTX1060/16nm/1531 MHz,부스트 1746MHz/1152개/PCIe3.0x16/GDDR5(DDR5)/8008MHz/3GB/192-bit/DVI/HDMI/DP/최대 모니터 4개/최대 140W/정격파워 400W 이상/전원부: 4페이즈/1개 팬/170mm"
이엠텍 XENON 지포스 GTX1080 STORM X Dual OC D5X 8GB,12328,180,PCle3.0x16,806000,"지포스 GTX1080/16nm/1620 MHz, 부스트 1759MHz/2560개/PCIe3.0x16/GDDR5X(DDR5X)/10000MHz/8GB/256-bit/DVI/HDMI/DP/최대 모니터 4개/최대 180W/정격파워 500W 이상/전원부: 6페이즈/2개 팬/252mm"
GIGABYTE 지포스 RTX 2080 UDV 터보포스 OC D6 8GB,15496,300,PCle3.0x16,1101800,지포스 RTX 2080/12nm/1785MHz/2944개/PCIe3.0x16/GDDR6(DDR6)/14000MHz/8GB/256-bit/HDMI/DP/USB Type-C/최대 모니터 4개/정격파워 650W 이상/전원부: 8+2페이즈/1개 팬/272mm
GIGABYTE 라데온 RX 570 AORUS D5 4GB,6740,150,PCle3.0x16,280000,"라데온 RX 570/14nm/1280 MHz,부스트 1295MHz/2048개/PCIe3.0x16/GDDR5(DDR5)/7000MHz/4GB/256-bit/DVI/HDMI/DP/최대 모니터 5개/정격파워 450W 이상/전원부: 7페이즈/2개 팬/232mm/백플레이트/LED 라이트/RGB FUSION"
GIGABYTE 지포스 GTX1050 UD2 D5 3GB Nano LP,4612,75,PCle3.0x16,169700,"지포스 GTX1050/14nm/1404 MHz, 부스트 1544MHz/768개/PCIe3.0x16/GDDR5(DDR5)/7008MHz/3GB/96-bit/DVI/HDMI/DP/최대 모니터 4개/정격파워 300W 이상/전원부: 4페이즈/1개 팬/167mm"
ZOTAC AMP EXTREME CORE 지포스 GTX1080 Ti D5X 11GB,14102,320,PCle3.0x16,1650000,"지포스 GTX1080 Ti/16nm/1607 MHz,부스트 1721MHz/3584개/PCIe3.0x16/GDDR5X(DDR5X)/11200MHz/11GB/352-bit/DVI/HDMI/DP/최대 모니터 4개/최대 320W/정격파워 600W 이상/전원부: 18페이즈/3개 팬/325mm/백플레이트/LED 라이트/SPECTRA"
GIGABYTE 지포스 GTX1070 Ti Gaming D5 8GB,12164,180,PCle3.0x16,796800,"지포스 GTX1070 Ti/16nm/1607 MHz,부스트 1683MHz/2432개/PCIe3.0x16/GDDR5(DDR5)/8008MHz/8GB/256-bit/DVI/HDMI/DP/최대 모니터 4개/정격파워 500W 이상/전원부: 8페이즈/3개 팬/280mm/백플레이트/LED 라이트/RGB FUSION"
ZOTAC AMP BOX Mini 지포스 GTX1070 Ti AIR D5 8GB,12164,180,PCle3.0x16,924240,"외장그래픽/지포스 GTX1070 Ti/16nm/1607 MHz,부스트 1683MHz/2432개/PCIe3.0x16/GDDR5(DDR5)/8GB/256-bit/DVI/DP/썬더볼트3/USB 3.0/최대 모니터 4개/최대 180W/전원부: 7페이즈/2개 팬/211mm/백플레이트/LED 라이트/SPECTRA"
MSI 지포스 GTX1060 아머 OC D5 3GB,8931,120,PCle3.0x16,259400,"지포스 GTX1060/16nm/1544 MHz,부스트 1759MHz/1152개/PCIe3.0x16/GDDR5(DDR5)/8008MHz/3GB/192-bit/DVI/HDMI/DP/최대 모니터 4개/최대 120W/정격파워 400W 이상/2개 팬/275mm"
GIGABYTE 지포스 GTX1050 Ti UD2 D5 4GB 미니미,5950,75,PCle3.0x16,199400,"지포스 GTX1050 Ti/14nm/1290 MHz,부스트 1392MHz/768개/PCIe3.0x16/GDDR5(DDR5)/7008MHz/4GB/128-bit/DVI/HDMI/DP/최대 모니터 3개/정격파워 300W 이상/전원부: 4페이즈/1개 팬/172mm"
갤럭시 BOY 지포스 GTX1050 Ti OC D5 4GB,5950,75,PCle3.0x16,172700,"지포스 GTX1050 Ti/14nm/1303 MHz, 부스트 1417MHz/768개/PCIe3.0x16/GDDR5(DDR5)/7008MHz/4GB/128-bit/DVI/HDMI/DP/최대 모니터 3개/최대 75W/정격파워 300W 이상/전원부: 3페이즈/1개 팬/181mm"
갤럭시 BOY 지포스 GTX1050 OC D5 2GB,4612,75,PCle3.0x16,142500,"지포스 GTX1050/14nm/1366 MHz, 부스트 1468MHz/640개/PCIe3.0x16/GDDR5(DDR5)/7008MHz/2GB/128-bit/DVI/HDMI/DP/최대 모니터 3개/최대 75W/정격파워 300W 이상/전원부: 3페이즈/1개 팬/181mm"
MSI 지포스 GTX1080 게이밍 X D5X 8GB 트윈프로져6,12328,180,PCle3.0x16,936130,"지포스 GTX1080/16nm/1708 MHz,부스트 1847MHz/2560개/PCIe3.0x16/GDDR5X(DDR5X)/10108MHz/8GB/256-bit/DVI/HDMI/DP/최대 모니터 4개/최대 180W/정격파워 500W 이상/전원부: 10페이즈/2개 팬/279mm/백플레이트/LED 라이트/MYSTIC LIGHT"
갤럭시 BOY 지포스 RTX 2080 EXOC D6 8GB,15496,245,PCle3.0x16,1044320,"지포스 RTX 2080/12nm/1515MHz,부스트 1845MHz/2944개/PCIe3.0x16/GDDR6(DDR6)/14000MHz/8GB/256-bit/HDMI/DP/USB Type-C/최대 모니터 4개/최대 245W/정격파워 650W 이상/전원부: 10페이즈/2개 팬/285mm/백플레이트/LED 라이트"
GIGABYTE 지포스 RTX 2080 UDV WF3 D6 8GB,15496,300,PCle3.0x16,1031500,지포스 RTX 2080/12nm/부스트 1710MHz/2944개/PCIe3.0x16/GDDR6(DDR6)/14000MHz/8GB/256-bit/HDMI/DP/USB Type-C/최대 모니터 4개/정격파워 650W 이상/전원부: 8+2페이즈/3개 팬/281mm/백플레이트/LED 라이트/RGB FUSION
이엠텍 XENON 지포스 GTX1080 JETSTREAM D5X 8GB,12328,180,PCle3.0x16,941500,"지포스 GTX1080/16nm/1607 MHz,부스트 1733MHz/2560개/PCIe3.0x16/GDDR5X(DDR5X)/10000MHz/8GB/256-bit/DVI/HDMI/DP/최대 모니터 4개/최대 180W/정격파워 500W 이상/전원부: 10페이즈/2개 팬/285mm/백플레이트/LED 라이트/RGB LIGHTING"
GIGABYTE 라데온 RX 550 UD2 D5 2GB 미니미,3442,60,PCle3.0x16,1126300,"라데온 RX 550/14nm/1183 MHz,부스트 1195MHz/512개/PCIe3.0x8/GDDR5(DDR5)/7000MHz/2GB/128-bit/DVI/HDMI/DP/최대 모니터 3개/정격파워 400W 이상/전원부: 4페이즈/1개 팬/170mm"
이엠텍 HV 지포스 GTX1050 Ti OC D5 4GB,5950,75,PCle3.0x16,178800,"지포스 GTX1050 Ti/14nm/1303 MHz,부스트 1417MHz/768개/PCIe3.0x16/GDDR5(DDR5)/7008MHz/4GB/128-bit/DVI/HDMI/DP/최대 모니터 3개/최대 75W/정격파워 300W 이상/전원부: 3페이즈/1개 팬/181mm"
갤럭시 GALAX 지포스 GTX1070 Ti EXOC D5 8GB G天命,12164,180,PCle3.0x16,751990,"지포스 GTX1070 Ti/16nm/1607 MHz,부스트 1683MHz/2432개/PCIe3.0x16/GDDR5(DDR5)/8008MHz/8GB/256-bit/DVI/HDMI/DP/최대 모니터 4개/최대 180W/정격파워 500W 이상/전원부: 7페이즈/2개 팬/296mm/백플레이트/LED 라이트"
ZOTAC 지포스 GTX660 D5 2GB DUAL SILENCER,4127,140,PCle3.0x16,48700,"지포스 GTX660/28nm/993MHz,부스트 1059MHz/960개/PCIe3.0x16/GDDR5(DDR5)/6008MHz/2GB/192-bit/DVI/HDMI/DP/최대 140W/정격파워 450W 이상/2개 팬/192mm"
GIGABYTE 지포스 GTX1050 UD2 D5 3GB 미니미,4612,75,PCle3.0x16,157900,"지포스 GTX1050/14nm/1392 MHz, 부스트 1518MHz/768개/PCIe3.0x16/GDDR5(DDR5)/7008MHz/3GB/96-bit/DVI/HDMI/DP/최대 모니터 3개/정격파워 300W 이상/전원부: 4페이즈/1개 팬/172mm"
GIGABYTE 라데온 RX 580 AORUS D5 4GB,8433,185,PCle3.0x16,313200,"라데온 RX 580/14nm/1365 MHz,부스트 1380MHz/2304개/PCIe3.0x16/GDDR5(DDR5)/7000MHz/4GB/256-bit/DVI/HDMI/DP/최대 모니터 5개/정격파워 500W 이상/전원부: 8페이즈/2개 팬/232mm/백플레이트/LED 라이트/RGB FUSION"
ZOTAC 지포스 GTX1050 Ti DUALSILENCER OC D5 4GB,5950,75,PCle3.0x16,191670,"지포스 GTX1050 Ti/14nm/1392 MHz,부스트 1506MHz/768개/PCIe3.0x16/GDDR5(DDR5)/7000MHz/4GB/128-bit/DVI/HDMI/DP/최대 모니터 3개/최대 75W/정격파워 300W 이상/2개 팬/174mm/2018년 2월 6일 쿨러 구조 변경"
갤럭시 GALAX 지포스 GTX1070 EXOC D5 8GB G美,11209,150,PCle3.0x16,528300,"지포스 GTX1070/16nm/1518 MHz,부스트 1708MHz/1920개/PCIe3.0x16/GDDR5(DDR5)/8008MHz/8GB/256-bit/DVI/HDMI/DP/최대 모니터 4개/최대 150W/정격파워 500W 이상/전원부: 7페이즈/2개 팬/282mm/LED 라이트"
GIGABYTE 지포스 GTX1070 Ti AORUS D5 8G,12164,180,PCle3.0x16,796910,"지포스 GTX1070 Ti/16nm/1607 MHz,부스트 1683MHz/2432개/PCIe3.0x16/GDDR5(DDR5)/8008MHz/8GB/256-bit/DVI/HDMI/DP/최대 모니터 4개/정격파워 500W 이상/전원부: 8페이즈/3개 팬/280mm/백플레이트/LED 라이트/RGB FUSION"
ZOTAC 지포스 GTX1080 Ti D5X 11GB BLOWER,14102,250,PCle3.0x16,1113600,"지포스 GTX1080 Ti/16nm/1480 MHz,부스트 1582MHz/3584개/PCIe3.0x16/GDDR5X(DDR5X)/11000MHz/11GB/352-bit/HDMI/DP/최대 모니터 4개/최대 250W/정격파워 600W 이상/전원부: 9페이즈/1개 팬/266.7mm"
GIGABYTE 지포스 GTX1060 G1.Gaming D5 3GB,8931,120,PCle3.0x16,331140,"지포스 GTX1060/16nm/1594 MHz,부스트 1809MHz/1152개/PCIe3.0x16/GDDR5(DDR5)/8008MHz/3GB/192-bit/DVI/HDMI/DP/최대 모니터 4개/정격파워 400W 이상/전원부: 7페이즈/2개 팬/278mm"
MSI 지포스 GTX Titan Z D5 12GB,7754,250,PCle3.0x16,4371000,"지포스 GTX Titan Z/28nm/706 MHz,부스트 876MHz/2880 x2개/PCIe3.0x16/GDDR5(DDR5)/7000MHz/12GB/384-bit x2/DVI/HDMI/DP/최대 모니터 4개/전원부: 10페이즈/1개 팬"
갤럭시 GALAX 지포스 GTX1070 OC GBIBLE D5 8GB,11209,150,PCle3.0x16,699990,"지포스 GTX1070/16nm/1518 MHz,부스트 1708MHz/1920개/PCIe3.0x16/GDDR5(DDR5)/8008MHz/8GB/256-bit/DVI/HDMI/DP/최대 150W/정격파워 500W 이상/전원부: 5페이즈/2개 팬/181mm"
GIGABYTE 지포스 GTX1060 AORUS D5 6GB,9011,120,PCle3.0x16,511720,"지포스 GTX1060/16nm/1607 MHz,부스트 1835MHz/1280개/PCIe3.0x16/GDDR5(DDR5)/8008MHz/6GB/192-bit/DVI/HDMI/DP/최대 모니터 4개/정격파워 400W 이상/전원부: 7페이즈/3개 팬/280mm/백플레이트/LED 라이트/RGB FUSION"
갤럭시 GALAX 지포스 GTX1070 EXOC D5 8GB G天命,11209,150,PCle3.0x16,555000,"지포스 GTX1070/16nm/1594 MHz,부스트 1784MHz/1920개/GDDR5(DDR5)/8008MHz/8GB/256-bit/DVI/HDMI/DP/최대 모니터 4개/최대 150W/정격파워 500W 이상/전원부: 7페이즈/2개 팬/296mm/백플레이트/LED 라이트"
이엠텍 XENON 지포스 GTX1050 Ti STORM X Dual D5 4GB,5950,80,PCle3.0x16,193000,"지포스 GTX1050 Ti/14nm/1290 MHz,1392MHz/768개/PCIe3.0x16/GDDR5(DDR5)/7000MHz/4GB/128-bit/DVI/HDMI/DP/최대 모니터 3개/최대 80W/정격파워 300W 이상/전원부: 3+1페이즈/2개 팬/230mm"
MSI 지포스 GTX1080 Ti 에어로 OC D5X 11GB,14102,250,PCle3.0x16,1457000,"지포스 GTX1080 Ti/16nm/1506 MHz,부스트 1620MHz/3584개/PCIe3.0x16/GDDR5X(DDR5X)/11016MHz/11GB/352-bit/HDMI/DP/최대 모니터 4개/최대 250W/정격파워 600W 이상/전원부: 8페이즈/1개 팬/269mm/LED 라이트"
GIGABYTE 지포스 GTX1060 UDV D5 6GB 미니미,9011,120,PCle3.0x16,371720,"지포스 GTX1060/16nm/1531 MHz,부스트 1746MHz/1280개/PCIe3.0x16/GDDR5(DDR5)/8008MHz/6GB/192-bit/DVI/HDMI/DP/최대 모니터 4개/정격파워 400W 이상/전원부: 4페이즈/1개 팬/170mm"
갤럭시 GALAX 지포스 RTX 2070 WHITE LABEL EXOC D6 8GB,13771,215,PCle3.0x16,993110,지포스 RTX 2070/12nm/2304개/PCIe3.0x16/GDDR6(DDR6)/8GB/256-bit/2개 팬
갤럭시 GALAX 지포스 RTX 2080 WHITE LABEL EXOC D6 8GB,15496,300,PCle3.0x16,1110000,지포스 RTX 2080/12nm/2944개/PCIe3.0x16/GDDR6(DDR6)/8GB/256-bit/2개 팬
ZOTAC AMP EXTREME 지포스 GTX1070 Ti D5 8GB,12164,180,PCle3.0x16,874000,"지포스 GTX1070 Ti/16nm/1607 MHz,부스트 1683MHz/2432개/PCIe3.0x16/GDDR5(DDR5)/8008MHz/8GB/256-bit/DVI/HDMI/DP/최대 모니터 4개/최대 180W/정격파워 500W 이상/전원부: 11페이즈/3개 팬/325mm/백플레이트/LED 라이트/SPECTRA"
ZOTAC 지포스 GTX1060 MINi D5 6GB,9011,120,PCle3.0x16,369990,"지포스 GTX1060/16nm/1506 MHz,부스트 1708MHz/1280개/PCIe3.0x16/GDDR5(DDR5)/8000MHz/6GB/192-bit/DVI/HDMI/DP/최대 120W/정격파워 400W 이상/전원부: 5페이즈/1개 팬/174mm"
GIGABYTE 라데온 RX Vega 56 HBM2 8GB,11416,210,PCle3.0x16,746500,"라데온 RX Vega 56/14nm/1156 MHz, 부스트 1471MHz/3584개/PCIe3.0x16/HBM(2세대)/8GB/2048-bit/HDMI/DP/최대 모니터 4개/최대 210W/정격파워 650W 이상/280mm/백플레이트"
GIGABYTE 지포스 GTX1070 AORUS D5 8GB,11209,170,PCle3.0x16,741210,"지포스 GTX1070/16nm/1607 MHz,부스트 1797MHz/1920개/PCIe3.0x16/GDDR5(DDR5)/8008MHz/8GB/256-bit/DVI/HDMI/DP/최대 모니터 4개/정격파워 500W 이상/전원부: 12페이즈/3개 팬/287mm/백플레이트/LED 라이트/RGB FUSION"
갤럭시 BOY 지포스 GTX1070 OC D5 8GB,11209,150,PCle3.0x16,626990,"지포스 GTX1070/16nm/1594 MHz, 부스트 1784MHz/1920개/PCIe3.0x16/GDDR5(DDR5)/8008MHz/8GB/256-bit/DVI/HDMI/DP/최대 모니터 4개/최대 150W/정격파워 500W 이상/전원부: 7페이즈/2개 팬/296mm/백플레이트/LED 라이트"
ZOTAC 지포스 GTX1050 Ti D5 4GB LP,5950,75,PCle3.0x16,488630,"지포스 GTX1050 Ti/14nm/1290 MHz,부스트 1392MHz/768개/PCIe3.0x16/GDDR5(DDR5)/7000MHz/4GB/128-bit/DVI/HDMI/DP/최대 모니터 3개/최대 75W/정격파워 300W 이상/전원부: 4페이즈/2개 팬/160mm"
MSI 지포스 GTX1050 Ti 게이밍 X D5 4GB 트윈프로져6,5950,75,PCle3.0x16,249000,"지포스 GTX1050 Ti/14nm/1379 MHz,부스트 1493MHz/768개/PCIe3.0x16/GDDR5(DDR5)/7108MHz/4GB/128-bit/DVI/HDMI/DP/최대 모니터 3개/최대 75W/정격파워 300W 이상/2개 팬/229mm/LED 라이트/MYSTIC LIGHT"
ZOTAC AMP 지포스 GTX1060 D5 6GB,9011,120,PCle3.0x16,397990,"지포스 GTX1060/16nm/1556 MHz,부스트 1771MHz/1280개/PCIe3.0x16/GDDR5(DDR5)/8000MHz/6GB/192-bit/DVI/HDMI/DP/최대 120W/정격파워 400W 이상/전원부: 5페이즈/2개 팬/210mm"
갤럭시 GALAX 지포스 GTX1070 Ti EX D5 8GB,12164,180,PCle3.0x16,711570,"지포스 GTX1070 Ti/16nm/1607 MHz,부스트 1683MHz/2432개/PCIe3.0x16/GDDR5(DDR5)/8008MHz/8GB/256-bit/DVI/HDMI/DP/최대 모니터 4개/최대 180W/정격파워 500W 이상/전원부: 7페이즈/2개 팬/296mm/백플레이트"
갤럭시 GALAX 지포스 GTX1080 Hall Of Fame D5X 8GB,12328,180,PCle3.0x16,1124410,"지포스 GTX1080/16nm/1733 MHz,부스트 1873MHz/2560개/PCIe3.0x16/GDDR5X(DDR5X)/10010MHz/8GB/256-bit/DVI/HDMI/DP/최대 모니터 4개/최대 180W/정격파워 500W 이상/전원부: 15페이즈/3개 팬/317mm"
ZOTAC AMP 지포스 GTX1070 D5 8GB,11209,220,PCle3.0x16,777780,"지포스 GTX1070/16nm/1607 MHz,부스트 1797MHz/1920개/PCIe3.0x16/GDDR5(DDR5)/8000MHz/8GB/256-bit/DVI/HDMI/DP/최대 모니터 4개/최대 220W/정격파워 500W 이상/전원부: 11페이즈/2개 팬/300mm"
이엠텍 HV 지포스 GTX1050 Ti GAMER Edition OC D5 4GB,5950,75,PCle3.0x16,224990,"지포스 GTX1050 Ti/14nm/1354 MHz,부스트 1468MHz/768개/PCIe3.0x16/GDDR5(DDR5)/7008MHz/4GB/128-bit/DVI/HDMI/DP/최대 모니터 4개/75W/정격파워 300W 이상/전원부: 4페이즈/2개 팬/228mm"
이엠텍 HV 지포스 GTX1060 OC D5 3GB,8931,120,PCle3.0x16,371110,"지포스 GTX1060/16nm/1518 MHz,부스트 1734MHz/1152개/PCIe3.0x16/GDDR5(DDR5)/3GB/192-bit/DVI/HDMI/DP/최대 모니터 3개/최대 120W/정격파워 400W 이상/전원부: 4페이즈/2개 팬/235mm"
이엠텍 HV 지포스 GTX1070 Ti GAMER Edition D5 8GB,12164,180,PCle3.0x16,1200000,"지포스 GTX1070 Ti/1607 MHz,부스트 1683MHz/2432개/PCIe3.0x16/GDDR5(DDR5)/8000MHz/8GB/256-bit/DVI/HDMI/DP/최대 모니터 4개/최대 180W/정격파워 500W 이상/전원부: 7페이즈/2개 팬/270mm/백플레이트/LED 라이트/RGB LIGHTING"
ZOTAC 지포스 GTX1050 OC DUALSILENCER D5 2GB,4612,75,PCle3.0x16,390560,"지포스 GTX1050/14nm/1455 MHz,부스트 1569MHz/640개/PCIe3.0x16/GDDR5(DDR5)/7000MHz/2GB/128-bit/DVI/HDMI/DP/최대 모니터 3개/최대 75W/정격파워 300W 이상/전원부: 4페이즈/2개 팬/174mm"
GIGABYTE 지포스 GTX670 UDV OC D5 2GB WINDFORCE 3X,5369,170,PCle3.0x16,491110,"지포스 GTX670/28nm/980MHz,부스트 1058MHz/1344개/PCIe3.0x16/GDDR5(DDR5)/6008MHz/2GB/256-bit/DVI/HDMI/DP/최대 모니터 4개/최대 170W/3개 팬/274mm/PCB 휨방지 가이드"
갤럭시 GALAX 지포스 GTX1070 Hall Of Fame D5 8GB,11209,150,PCle3.0x16,900000,"지포스 GTX1070/16nm/1620 MHz,부스트 1822MHz/1920개/PCIe3.0x16/GDDR5(DDR5)/8008MHz/8GB/256-bit/DVI/HDMI/DP/최대 모니터 4개/최대 150W/정격파워 500W 이상/전원부: 11페이즈/3개 팬/317mm/LED 라이트"
이엠텍 HV 지포스 GTX1050 OC D5 2GB,4612,75,PCle3.0x16,193330,"지포스 GTX1050/14nm/1366 MHz,부스트 1468MHz/640개/PCIe3.0x16/GDDR5(DDR5)/7008MHz/2GB/128-bit/DVI/HDMI/DP/최대 모니터 3개/최대 75W/정격파워 300W 이상/전원부: 3페이즈/1개 팬/181mm"
GIGABYTE 지포스 GTX1080 Xtreme D5X 8GB 워터블럭,12328,180,PCle3.0x16,1291630,"지포스 GTX1080/16nm/1759 MHz,부스트 1898MHz/2560개/PCIe3.0x16/GDDR5X(DDR5X)/10206MHz/8GB/256-bit/DVI/HDMI/DP/최대 모니터 4개/정격파워 500W 이상/전원부: 14페이즈/266mm"
갤럭시 GALAX 지포스 GTX1080 개간지 EXOC D5X 8GB,12328,180,PCle3.0x16,951000,"지포스 GTX1080/16nm/1657 MHz,부스트 1797MHz/2560개/PCIe3.0x16/GDDR5X(DDR5X)/10010MHz/8GB/256-bit/DVI/HDMI/DP/최대 모니터 4개/최대 180W/정격파워 500W 이상/전원부: 8페이즈/2개 팬/282mm/LED 라이트"
이엠텍 HV 지포스 GTX1060 OC D5 6GB,9011,120,PCle3.0x16,511110,"지포스 GTX1060/16nm/1518 MHz,부스트 1734MHz/1280개/PCIe3.0x16/8000MHz/6GB/192-bit/DVI/HDMI/DP/최대 모니터 3개/120W/정격파워 400W 이상/전원부: 4페이즈/2개 팬/235mm"
GIGABYTE 라데온 R9 FURY X HBM 4GB,9151,275,PCle3.0x16,947000,라데온 R9 Fury X/28nm/1050MHz/4096개/PCIe3.0x16/HBM(1세대)/500MHz/4GB/4096-bit/HDMI/DP/최대 모니터 4개/최대 275W/정격파워 600W 이상/1개 팬/195mm
갤럭시 GALAX 지포스 GTX1080 EXOC D5X 8GB,12328,180,PCle3.0x16,899000,"지포스 GTX1080/16nm/1657 MHz, 부스트 1797MHz/2560개/PCIe3.0x16/GDDR5X(DDR5X)/10010MHz/8GB/256-bit/DVI/HDMI/DP/최대 모니터 4개/최대 180W/정격파워 500W 이상/전원부: 8페이즈/2개 팬/282mm/백플레이트"
갤럭시 GALAX 지포스 GTX1070 Razor OC D5 8GB,11209,150,PCle3.0x16,967360,"지포스 GTX1070/16nm/1518 MHz,부스트 1708MHz/1920개/PCIe3.0x16/GDDR5(DDR5)/8008MHz/8GB/256-bit/DVI/HDMI/DP/최대 모니터 3개/최대 150W/정격파워 500W 이상/전원부: 5페이즈/1개 팬/253mm"
MSI 지포스 GTX1050 Ti D5 4GB LP 윈드스톰 귀요미,5950,75,PCle3.0x16,228000,"지포스 GTX1050 Ti/14nm/1290 MHz,부스트 1392MHz/768개/PCIe3.0x16/GDDR5(DDR5)/7008MHz/4GB/128-bit/DVI/HDMI/DP/최대 모니터 3개/최대 75W/정격파워 300W 이상/2개 팬/182mm"
이엠텍 HV 지포스 GTX1060 GAMER Edition PRO D5 3GB,8931,120,PCle3.0x16,800000,"지포스 GTX1060/16nm/1544 MHz,부스트 1759MHz/1152개/PCIe3.0x16/GDDR5(DDR5)/8000MHz/3GB/192-bit/DVI/HDMI/DP/최대 모니터 4개/최대 120W/정격파워 400W 이상/전원부: 5페이즈/2개 팬/240mm"
GIGABYTE 지포스 GTX1050 G1.Gaming D5 2GB,4612,75,PCle3.0x16,201420,"지포스 GTX1050/14nm/1417 MHz,부스트 1531MHz/640개/PCIe3.0x16/GDDR5(DDR5)/7008MHz/2GB/128-bit/DVI/HDMI/DP/최대 모니터 4개/정격파워 300W 이상/전원부: 5페이즈/2개 팬/219mm"
갤럭시 GALAX 지포스 GTX1080 개간지 EXOC D5X 8GB Black Edition,12328,180,PCle3.0x16,950990,"지포스 GTX1080/16nm/1657 MHz,부스트 1797MHz/2560개/PCIe3.0x16/GDDR5X(DDR5X)/10010MHz/8GB/256-bit/DVI/HDMI/DP/최대 모니터 4개/최대 180W/정격파워 500W 이상/전원부: 8페이즈/2개 팬/296mm/백플레이트/LED 라이트"
이엠텍 XENON 지포스 GTX770 JETSTREAM D5 4GB,6077,180,PCle3.0x16,449520,"지포스 GTX770/28nm/1046 MHz,부스트 1085MHz/1536개/PCIe3.0x16/GDDR5(DDR5)/7010MHz/4GB/256-bit/DVI/HDMI/DP/3개 팬/272mm/DrMOS 전원소자 채택"
이엠텍 XENON 지포스 GTX780 Super JETSTREAM D5 3GB,7959,250,PCle3.0x16,650000,"지포스 GTX780/28nm/980 MHz,부스트 1033MHz/2304개/PCIe3.0x16/GDDR5(DDR5)/6200MHz/3GB/384-bit/DVI/HDMI/DP/최대 모니터 4개/최대 250W/정격파워 600W 이상/3개 팬/280mm"
갤럭시 GALAX 지포스 GTX1080 EXOC D5X 8GB G天命,12328,180,PCle3.0x16,913180,"지포스 GTX1080/16nm/1657 MHz,부스트 1797MHz/2560개/PCIe3.0x16/GDDR5X(DDR5X)/11010MHz/8GB/256-bit/DVI/HDMI/DP/최대 모니터 4개/최대 180W/정격파워 500W 이상/전원부: 8페이즈/2개 팬/296mm/백플레이트/LED 라이트"
