삼성전자 860 EVO,250,58500,내장형SSD/2.5형(6.4cm)/SATA3 (6Gb/s)/TLC(토글)/3D낸드/삼성 MJX/LPDDR4/512MB/최대 550MB/s/최대 520MB/s/1,500,000시간/TRIM 지원/GC 기능/S.M.A.R.T 지원/ECC 지원/DEVSLP 지원/6.8mm/최대 50g/5년/전용 소프트웨어/구매전 병행수입 전환판매 여부 반드시 확인요망 
삼성전자 860 EVO,500,118900,내장형SSD/2.5형(6.4cm)/SATA3 (6Gb/s)/TLC(토글)/3D낸드/삼성 MJX/LPDDR4/512MB/최대 550MB/s/최대 520MB/s/1,500,000시간/TRIM 지원/GC 기능/S.M.A.R.T 지원/ECC 지원/DEVSLP 지원/6.8mm/최대 50g/5년/전용 소프트웨어/구매전 병행수입 전환판매 여부 반드시 확인요망 
삼성전자 860 EVO,1000,266000,내장형SSD/2.5형(6.4cm)/SATA3 (6Gb/s)/TLC(토글)/3D낸드/삼성 MJX/LPDDR4/512MB/최대 550MB/s/최대 520MB/s/1,500,000시간/TRIM 지원/GC 기능/S.M.A.R.T 지원/ECC 지원/DEVSLP 지원/6.8mm/최대 50g/5년/전용 소프트웨어/구매전 병행수입 전환판매 여부 반드시 확인요망 
삼성전자 860 EVO,2000,583900,내장형SSD/2.5형(6.4cm)/SATA3 (6Gb/s)/TLC(토글)/3D낸드/삼성 MJX/LPDDR4/512MB/최대 550MB/s/최대 520MB/s/1,500,000시간/TRIM 지원/GC 기능/S.M.A.R.T 지원/ECC 지원/DEVSLP 지원/6.8mm/최대 50g/5년/전용 소프트웨어/구매전 병행수입 전환판매 여부 반드시 확인요망 
마이크론 Crucial MX500 대원CTS,250,56900,내장형SSD/2.5형(6.4cm)/SATA3 (6Gb/s)/TLC(기타)/3D낸드/실리콘모션 SM2258/최대 560MB/s/최대 510MB/s/1,800,000시간/TRIM 지원/GC 기능/S.M.A.R.T 지원/ECC 지원/DEVSLP 지원/7mm/5년/전용 소프트웨어 
마이크론 Crucial MX500 대원CTS,500,99300,내장형SSD/2.5형(6.4cm)/SATA3 (6Gb/s)/TLC(기타)/3D낸드/실리콘모션 SM2258/최대 560MB/s/최대 510MB/s/1,800,000시간/TRIM 지원/GC 기능/S.M.A.R.T 지원/ECC 지원/DEVSLP 지원/7mm/5년/전용 소프트웨어 
마이크론 Crucial MX500 대원CTS,1000,213800,내장형SSD/2.5형(6.4cm)/SATA3 (6Gb/s)/TLC(기타)/3D낸드/실리콘모션 SM2258/최대 560MB/s/최대 510MB/s/1,800,000시간/TRIM 지원/GC 기능/S.M.A.R.T 지원/ECC 지원/DEVSLP 지원/7mm/5년/전용 소프트웨어 
마이크론 Crucial MX500 대원CTS,2000,494000,내장형SSD/2.5형(6.4cm)/SATA3 (6Gb/s)/TLC(기타)/3D낸드/실리콘모션 SM2258/최대 560MB/s/최대 510MB/s/1,800,000시간/TRIM 지원/GC 기능/S.M.A.R.T 지원/ECC 지원/DEVSLP 지원/7mm/5년/전용 소프트웨어 
Western Digital WD Black 3D M.2 2280,250,87900,내장형SSD/M.2 (2280)/PCIe3.0x4 (32GT/s)/NVMe 1.3/3D낸드/WD/최대 3,000MB/s/최대 1,600MB/s/1,750,000시간/TRIM 지원/S.M.A.R.T 지원/2.23mm/8.1g/5년/전용 소프트웨어
Western Digital WD Black 3D M.2 2280,500,175400,내장형SSD/M.2 (2280)/PCIe3.0x4 (32GT/s)/NVMe 1.3/3D낸드/WD/최대 3,000MB/s/최대 1,600MB/s/1,750,000시간/TRIM 지원/S.M.A.R.T 지원/2.23mm/8.1g/5년/전용 소프트웨어 
Western Digital WD Black 3D M.2 2280,1000,414200,내장형SSD/M.2 (2280)/PCIe3.0x4 (32GT/s)/NVMe 1.3/3D낸드/WD/최대 3,000MB/s/최대 1,600MB/s/1,750,000시간/TRIM 지원/S.M.A.R.T 지원/2.23mm/8.1g/5년/전용 소프트웨어 
삼성전자 970 EVO M.2 2280,250,106280,내장형SSD/M.2 (2280)/PCIe3.0x4 (32GT/s)/NVMe 1.3/TLC(기타)/3D낸드/삼성 Phoenix/LPDDR4/512MB/최대 3,400MB/s/최대 1,500MB/s/1,500,000시간/TRIM 지원/GC 기능/S.M.A.R.T 지원/DEVSLP 지원/2.38mm/최대 8g/5년/전용 소프트웨어/구매전 병행수입 전환판매 여부 반드시 확인요망
삼성전자 970 EVO M.2 2280,500,198900,내장형SSD/M.2 (2280)/PCIe3.0x4 (32GT/s)/NVMe 1.3/TLC(기타)/3D낸드/삼성 Phoenix/LPDDR4/512MB/최대 3,400MB/s/최대 1,500MB/s/1,500,000시간/TRIM 지원/GC 기능/S.M.A.R.T 지원/DEVSLP 지원/2.38mm/최대 8g/5년/전용 소프트웨어/구매전 병행수입 전환판매 여부 반드시 확인요망
삼성전자 970 EVO M.2 2280,1000,394900,내장형SSD/M.2 (2280)/PCIe3.0x4 (32GT/s)/NVMe 1.3/TLC(기타)/3D낸드/삼성 Phoenix/LPDDR4/512MB/최대 3,400MB/s/최대 1,500MB/s/1,500,000시간/TRIM 지원/GC 기능/S.M.A.R.T 지원/DEVSLP 지원/2.38mm/최대 8g/5년/전용 소프트웨어/구매전 병행수입 전환판매 여부 반드시 확인요망
삼성전자 970 EVO M.2 2280,2000,814140,내장형SSD/M.2 (2280)/PCIe3.0x4 (32GT/s)/NVMe 1.3/TLC(기타)/3D낸드/삼성 Phoenix/LPDDR4/512MB/최대 3,400MB/s/최대 1,500MB/s/1,500,000시간/TRIM 지원/GC 기능/S.M.A.R.T 지원/DEVSLP 지원/2.38mm/최대 8g/5년/전용 소프트웨어/구매전 병행수입 전환판매 여부 반드시 확인요망
Western Digital WD Green SSD,120,24200,내장형SSD/2.5형(6.4cm)/SATA3 (6Gb/s)/최대 545MB/s/1,000,000시간/TRIM 지원/S.M.A.R.T 지원/7mm/최대 32.5g/3년/전용 소프트웨어 
Western Digital WD Green SSD,240,42300,내장형SSD/2.5형(6.4cm)/SATA3 (6Gb/s)/최대 545MB/s/1,000,000시간/TRIM 지원/S.M.A.R.T 지원/7mm/최대 32.5g/3년/전용 소프트웨어 
Western Digital WD Green SSD,480,85200,내장형SSD/2.5형(6.4cm)/SATA3 (6Gb/s)/최대 545MB/s/1,000,000시간/TRIM 지원/S.M.A.R.T 지원/7mm/최대 32.5g/3년/전용 소프트웨어 
타무즈 RX460,120,23300,장형SSD/2.5형(6.4cm)/SATA3 (6Gb/s)/TLC(토글)/마벨 88NV1120/최대 530MB/s/최대 400MB/s/1,500,000시간/TRIM 지원/S.M.A.R.T 지원/ECC 지원/SLC 캐싱/7mm/48g/3년 
타무즈 RX460,240,41700,장형SSD/2.5형(6.4cm)/SATA3 (6Gb/s)/TLC(토글)/마벨 88NV1120/최대 530MB/s/최대 400MB/s/1,500,000시간/TRIM 지원/S.M.A.R.T 지원/ECC 지원/SLC 캐싱/7mm/48g/3년 
Western Digital WD Blue 3D SSD,250,56000,내장형SSD/2.5형(6.4cm)/SATA3 (6Gb/s)/확인 요망/3D낸드/마벨/최대 550MB/s/최대 525MB/s/1,750,000시간/TRIM 지원/S.M.A.R.T 지원/7mm/37.4g/5년/전용 소프트웨어/2018년 3월부로 A/S기간이 변경되었습니다 
Western Digital WD Blue 3D SSD,500,102600,내장형SSD/2.5형(6.4cm)/SATA3 (6Gb/s)/확인 요망/3D낸드/마벨/최대 550MB/s/최대 525MB/s/1,750,000시간/TRIM 지원/S.M.A.R.T 지원/7mm/37.4g/5년/전용 소프트웨어/2018년 3월부로 A/S기간이 변경되었습니다 
Western Digital WD Blue 3D SSD,1000,235800,내장형SSD/2.5형(6.4cm)/SATA3 (6Gb/s)/확인 요망/3D낸드/마벨/최대 550MB/s/최대 525MB/s/1,750,000시간/TRIM 지원/S.M.A.R.T 지원/7mm/37.4g/5년/전용 소프트웨어/2018년 3월부로 A/S기간이 변경되었습니다 
Western Digital WD Blue 3D SSD,2000,514900,내장형SSD/2.5형(6.4cm)/SATA3 (6Gb/s)/확인 요망/3D낸드/마벨/최대 550MB/s/최대 525MB/s/1,750,000시간/TRIM 지원/S.M.A.R.T 지원/7mm/37.4g/5년/전용 소프트웨어/2018년 3월부로 A/S기간이 변경되었습니다 
마이크론 Crucial MX500 아스크텍,250,59400,내장형SSD/2.5형(6.4cm)/SATA3 (6Gb/s)/TLC(기타)/3D낸드/실리콘모션 SM2258/최대 560MB/s/최대 510MB/s/1,800,000시간/TRIM 지원/GC 기능/S.M.A.R.T 지원/ECC 지원/DEVSLP 지원/7mm/5년/전용 소프트웨어 
마이크론 Crucial MX500 아스크텍,500,96400,내장형SSD/2.5형(6.4cm)/SATA3 (6Gb/s)/TLC(기타)/3D낸드/실리콘모션 SM2258/최대 560MB/s/최대 510MB/s/1,800,000시간/TRIM 지원/GC 기능/S.M.A.R.T 지원/ECC 지원/DEVSLP 지원/7mm/5년/전용 소프트웨어 
마이크론 Crucial MX500 아스크텍,1000,213300,내장형SSD/2.5형(6.4cm)/SATA3 (6Gb/s)/TLC(기타)/3D낸드/실리콘모션 SM2258/최대 560MB/s/최대 510MB/s/1,800,000시간/TRIM 지원/GC 기능/S.M.A.R.T 지원/ECC 지원/DEVSLP 지원/7mm/5년/전용 소프트웨어 
마이크론 Crucial MX500 아스크텍,2000,477600,내장형SSD/2.5형(6.4cm)/SATA3 (6Gb/s)/TLC(기타)/3D낸드/실리콘모션 SM2258/최대 560MB/s/최대 510MB/s/1,800,000시간/TRIM 지원/GC 기능/S.M.A.R.T 지원/ECC 지원/DEVSLP 지원/7mm/5년/전용 소프트웨어 
마이크론 Crucial MX500 M.2 2280 대원CTS,250,60000,장형SSD/M.2 (2280)/SATA3 (6Gb/s)/TLC(기타)/3D낸드/실리콘모션 SM2258/최대 560MB/s/최대 510MB/s/1,800,000시간/TRIM 지원/GC 기능/S.M.A.R.T 지원/ECC 지원/DEVSLP 지원/2.25mm/5년/전용 소프트웨어 
마이크론 Crucial MX500 M.2 2280 대원CTS,500,105000,장형SSD/M.2 (2280)/SATA3 (6Gb/s)/TLC(기타)/3D낸드/실리콘모션 SM2258/최대 560MB/s/최대 510MB/s/1,800,000시간/TRIM 지원/GC 기능/S.M.A.R.T 지원/ECC 지원/DEVSLP 지원/2.25mm/5년/전용 소프트웨어 
마이크론 Crucial MX500 M.2 2280 대원CTS,1000,225800,장형SSD/M.2 (2280)/SATA3 (6Gb/s)/TLC(기타)/3D낸드/실리콘모션 SM2258/최대 560MB/s/최대 510MB/s/1,800,000시간/TRIM 지원/GC 기능/S.M.A.R.T 지원/ECC 지원/DEVSLP 지원/2.25mm/5년/전용 소프트웨어 
ADATA Ultimate SU650 SHT,120,24900,내장형SSD/2.5형(6.4cm)/SATA3 (6Gb/s)/확인 요망/3D낸드/최대 520MB/s/최대 320MB/s/2,000,000시간/ECC 지원/SLC 캐싱/7mm/47.5g/3년/전용 소프트웨어 
ADATA Ultimate SU650 SHT,240,43300,내장형SSD/2.5형(6.4cm)/SATA3 (6Gb/s)/확인 요망/3D낸드/최대 520MB/s/최대 320MB/s/2,000,000시간/ECC 지원/SLC 캐싱/7mm/47.5g/3년/전용 소프트웨어 
ADATA Ultimate SU650 SHT,480,84910,내장형SSD/2.5형(6.4cm)/SATA3 (6Gb/s)/확인 요망/3D낸드/최대 520MB/s/최대 320MB/s/2,000,000시간/ECC 지원/SLC 캐싱/7mm/47.5g/3년/전용 소프트웨어 
마이크론 Crucial BX500 대원CTS,120,24700,내장형SSD/2.5형(6.4cm)/SATA3 (6Gb/s)/3D낸드/최대 540MB/s/최대 500MB/s/1,500,000시간/TRIM 지원/S.M.A.R.T 지원/ECC 지원/SLC 캐싱/7mm/55g/3년/전용 소프트웨어 
마이크론 Crucial BX500 대원CTS,240,42200,내장형SSD/2.5형(6.4cm)/SATA3 (6Gb/s)/3D낸드/최대 540MB/s/최대 500MB/s/1,500,000시간/TRIM 지원/S.M.A.R.T 지원/ECC 지원/SLC 캐싱/7mm/55g/3년/전용 소프트웨어 
마이크론 Crucial BX500 대원CTS,480,81600,내장형SSD/2.5형(6.4cm)/SATA3 (6Gb/s)/3D낸드/최대 540MB/s/최대 500MB/s/1,500,000시간/TRIM 지원/S.M.A.R.T 지원/ECC 지원/SLC 캐싱/7mm/55g/3년/전용 소프트웨어 
ADATA Ultimate SU800 M.2 2280 STCOM,128,38500,내장형SSD/M.2 (2280)/SATA3 (6Gb/s)/TLC(기타)/3D낸드/실리콘모션/최대 560MB/s/최대 520MB/s/2,000,000시간/TRIM 지원/S.M.A.R.T 지원/ECC 지원/DEVSLP 지원/SLC 캐싱/3.5mm/3년/전용 소프트웨어 
ADATA Ultimate SU800 M.2 2280 STCOM,256,62000,내장형SSD/M.2 (2280)/SATA3 (6Gb/s)/TLC(기타)/3D낸드/실리콘모션/최대 560MB/s/최대 520MB/s/2,000,000시간/TRIM 지원/S.M.A.R.T 지원/ECC 지원/DEVSLP 지원/SLC 캐싱/3.5mm/3년/전용 소프트웨어 
ADATA Ultimate SU800 M.2 2280 STCOM,512,107100,내장형SSD/M.2 (2280)/SATA3 (6Gb/s)/TLC(기타)/3D낸드/실리콘모션/최대 560MB/s/최대 520MB/s/2,000,000시간/TRIM 지원/S.M.A.R.T 지원/ECC 지원/DEVSLP 지원/SLC 캐싱/3.5mm/3년/전용 소프트웨어 
ADATA Ultimate SU800 M.2 2280 STCOM,1000,240800,내장형SSD/M.2 (2280)/SATA3 (6Gb/s)/TLC(기타)/3D낸드/실리콘모션/최대 560MB/s/최대 520MB/s/2,000,000시간/TRIM 지원/S.M.A.R.T 지원/ECC 지원/DEVSLP 지원/SLC 캐싱/3.5mm/3년/전용 소프트웨어 
Western Digital WD Blue 3D M.2 2280,250,60700,내장형SSD/M.2 (2280)/SATA3 (6Gb/s)/확인 요망/3D낸드/마벨/최대 550MB/s/최대 525MB/s/1,750,000시간/TRIM 지원/S.M.A.R.T 지원/2.38mm/8g/5년/전용 소프트웨어 
Western Digital WD Blue 3D M.2 2280,500,107000,내장형SSD/M.2 (2280)/SATA3 (6Gb/s)/확인 요망/3D낸드/마벨/최대 550MB/s/최대 525MB/s/1,750,000시간/TRIM 지원/S.M.A.R.T 지원/2.38mm/8g/5년/전용 소프트웨어 
Western Digital WD Blue 3D M.2 2280,1000,242700,내장형SSD/M.2 (2280)/SATA3 (6Gb/s)/확인 요망/3D낸드/마벨/최대 550MB/s/최대 525MB/s/1,750,000시간/TRIM 지원/S.M.A.R.T 지원/2.38mm/8g/5년/전용 소프트웨어 
Western Digital WD Blue 3D M.2 2280,2000,524400,내장형SSD/M.2 (2280)/SATA3 (6Gb/s)/확인 요망/3D낸드/마벨/최대 550MB/s/최대 525MB/s/1,750,000시간/TRIM 지원/S.M.A.R.T 지원/2.38mm/8g/5년/전용 소프트웨어 
삼성전자 970 PRO M.2 2280,512,274700,내장형SSD/M.2 (2280)/PCIe3.0x4 (32GT/s)/NVMe 1.3/MLC(기타)/3D낸드/삼성 Phoenix/LPDDR4/512MB/최대 3,500MB/s/최대 2,300MB/s/1,500,000시간/TRIM 지원/GC 기능/S.M.A.R.T 지원/DEVSLP 지원/2.38mm/최대 8g/5년/전용 소프트웨어/구매전 병행수입 전환판매 여부 반드시 확인요망
삼성전자 970 PRO M.2 2280,1000,574400,내장형SSD/M.2 (2280)/PCIe3.0x4 (32GT/s)/NVMe 1.3/MLC(기타)/3D낸드/삼성 Phoenix/LPDDR4/512MB/최대 3,500MB/s/최대 2,300MB/s/1,500,000시간/TRIM 지원/GC 기능/S.M.A.R.T 지원/DEVSLP 지원/2.38mm/최대 8g/5년/전용 소프트웨어/구매전 병행수입 전환판매 여부 반드시 확인요망
마이크론 Crucial BX500 아스크텍,120,23900,내장형SSD/2.5형(6.4cm)/SATA3 (6Gb/s)/3D낸드/최대 540MB/s/최대 500MB/s/1,500,000시간/TRIM 지원/GC 기능/S.M.A.R.T 지원/ECC 지원/SLC 캐싱/7mm/55g/3년/전용 소프트웨어
마이크론 Crucial BX500 아스크텍,240,41900,내장형SSD/2.5형(6.4cm)/SATA3 (6Gb/s)/3D낸드/최대 540MB/s/최대 500MB/s/1,500,000시간/TRIM 지원/GC 기능/S.M.A.R.T 지원/ECC 지원/SLC 캐싱/7mm/55g/3년/전용 소프트웨어
마이크론 Crucial BX500 아스크텍,480,82200,내장형SSD/2.5형(6.4cm)/SATA3 (6Gb/s)/3D낸드/최대 540MB/s/최대 500MB/s/1,500,000시간/TRIM 지원/GC 기능/S.M.A.R.T 지원/ECC 지원/SLC 캐싱/7mm/55g/3년/전용 소프트웨어
타무즈 RX550,128,24000,내장형SSD/2.5형(6.4cm)/SATA3 (6Gb/s)/TLC(기타)/3D낸드/실리콘모션 SM2258XT/최대 420MB/s/최대 410MB/s/1,500,000시간/TRIM 지원/GC 기능/S.M.A.R.T 지원/ECC 지원/DEVSLP 지원/SLC 캐싱/7mm/48g/3년
타무즈 RX550,240,40000,내장형SSD/2.5형(6.4cm)/SATA3 (6Gb/s)/TLC(기타)/3D낸드/실리콘모션 SM2258XT/최대 420MB/s/최대 410MB/s/1,500,000시간/TRIM 지원/GC 기능/S.M.A.R.T 지원/ECC 지원/DEVSLP 지원/SLC 캐싱/7mm/48g/3년
타무즈 RX550,256,46600,내장형SSD/2.5형(6.4cm)/SATA3 (6Gb/s)/TLC(기타)/3D낸드/실리콘모션 SM2258XT/최대 420MB/s/최대 410MB/s/1,500,000시간/TRIM 지원/GC 기능/S.M.A.R.T 지원/ECC 지원/DEVSLP 지원/SLC 캐싱/7mm/48g/3년
타무즈 RX550,480,74000,내장형SSD/2.5형(6.4cm)/SATA3 (6Gb/s)/TLC(기타)/3D낸드/실리콘모션 SM2258XT/최대 420MB/s/최대 410MB/s/1,500,000시간/TRIM 지원/GC 기능/S.M.A.R.T 지원/ECC 지원/DEVSLP 지원/SLC 캐싱/7mm/48g/3년
타무즈 RX550,512,82000,내장형SSD/2.5형(6.4cm)/SATA3 (6Gb/s)/TLC(기타)/3D낸드/실리콘모션 SM2258XT/최대 420MB/s/최대 410MB/s/1,500,000시간/TRIM 지원/GC 기능/S.M.A.R.T 지원/ECC 지원/DEVSLP 지원/SLC 캐싱/7mm/48g/3년
마이크론 Crucial BX300,120,37000,내장형SSD/2.5형(6.4cm)/SATA3 (6Gb/s)/MLC(기타)/3D낸드/실리콘모션 SM2258/최대 555MB/s/최대 510MB/s/1,500,000시간/TRIM 지원/GC 기능/S.M.A.R.T 지원/ECC 지원/DEVSLP 지원/7mm/3년/전용 소프트웨어 
ADATA XPG GAMMIX S11 M.2 2280 STCOM ,240,87200,내장형SSD/M.2 (2280)/PCIe3.0x4 (32GT/s)/NVMe 1.3/TLC(기타)/3D낸드/실리콘모션/최대 3,200MB/s/최대 1,100MB/s/2,000,000시간/ECC 지원/SLC 캐싱/3.5mm/8g/5년/방열판(히트싱크) 
ADATA XPG GAMMIX S11 M.2 2280 STCOM ,480,163300,내장형SSD/M.2 (2280)/PCIe3.0x4 (32GT/s)/NVMe 1.3/TLC(기타)/3D낸드/실리콘모션/최대 3,200MB/s/최대 1,100MB/s/2,000,000시간/ECC 지원/SLC 캐싱/3.5mm/8g/5년/방열판(히트싱크) 
ADATA XPG GAMMIX S11 M.2 2280 STCOM ,960,388400,내장형SSD/M.2 (2280)/PCIe3.0x4 (32GT/s)/NVMe 1.3/TLC(기타)/3D낸드/실리콘모션/최대 3,200MB/s/최대 1,100MB/s/2,000,000시간/ECC 지원/SLC 캐싱/3.5mm/8g/5년/방열판(히트싱크) 
타무즈 M740 M.2 2280,128,45500,내장형SSD/M.2 (2280)/PCIe3.0x4 (32GT/s)/NVMe 1.3/TLC(기타)/3D낸드/실리콘모션 SM2263XT/최대 2,041MB/s/최대 1,217MB/s/1,000,000시간/TRIM 지원/GC 기능/S.M.A.R.T 지원/ECC 지원/DEVSLP 지원/SLC 캐싱/5g/3년 
타무즈 M740 M.2 2280,256,74500,내장형SSD/M.2 (2280)/PCIe3.0x4 (32GT/s)/NVMe 1.3/TLC(기타)/3D낸드/실리콘모션 SM2263XT/최대 2,041MB/s/최대 1,217MB/s/1,000,000시간/TRIM 지원/GC 기능/S.M.A.R.T 지원/ECC 지원/DEVSLP 지원/SLC 캐싱/5g/3년 
타무즈 M740 M.2 2280,512,137000,내장형SSD/M.2 (2280)/PCIe3.0x4 (32GT/s)/NVMe 1.3/TLC(기타)/3D낸드/실리콘모션 SM2263XT/최대 2,041MB/s/최대 1,217MB/s/1,000,000시간/TRIM 지원/GC 기능/S.M.A.R.T 지원/ECC 지원/DEVSLP 지원/SLC 캐싱/5g/3년 
타무즈 M740 M.2 2280,1000,250000,내장형SSD/M.2 (2280)/PCIe3.0x4 (32GT/s)/NVMe 1.3/TLC(기타)/3D낸드/실리콘모션 SM2263XT/최대 2,041MB/s/최대 1,217MB/s/1,000,000시간/TRIM 지원/GC 기능/S.M.A.R.T 지원/ECC 지원/DEVSLP 지원/SLC 캐싱/5g/3년 
Western Digital WD Green M.2 2280,120,31800,내장형SSD/M.2 (2280)/SATA3 (6Gb/s)/확인 요망/최대 545MB/s/1,000,000시간/TRIM 지원/GC 기능/S.M.A.R.T 지원/DEVSLP 지원/1.5mm/6.46g/3년/전용 소프트웨어 
Western Digital WD Green M.2 2280,240,52900,내장형SSD/M.2 (2280)/SATA3 (6Gb/s)/확인 요망/최대 545MB/s/1,000,000시간/TRIM 지원/GC 기능/S.M.A.R.T 지원/DEVSLP 지원/1.5mm/6.46g/3년/전용 소프트웨어 
타무즈 RX550 PRO,250,49900,내장형SSD/2.5형(6.4cm)/SATA3 (6Gb/s)/TLC(기타)/3D낸드/실리콘모션 SM2258G/DDR3/256MB/최대 560MB/s/최대 510MB/s/1,500,000시간/TRIM 지원/GC 기능/S.M.A.R.T 지원/ECC 지원/DEVSLP 지원/SLC 캐싱/7mm/48g/3년 
타무즈 RX550 PRO,500,109500,내장형SSD/2.5형(6.4cm)/SATA3 (6Gb/s)/TLC(기타)/3D낸드/실리콘모션 SM2258G/DDR3/256MB/최대 560MB/s/최대 510MB/s/1,500,000시간/TRIM 지원/GC 기능/S.M.A.R.T 지원/ECC 지원/DEVSLP 지원/SLC 캐싱/7mm/48g/3년 
타무즈 RX550 PRO,1000,235000,내장형SSD/2.5형(6.4cm)/SATA3 (6Gb/s)/TLC(기타)/3D낸드/실리콘모션 SM2258G/DDR3/256MB/최대 560MB/s/최대 510MB/s/1,500,000시간/TRIM 지원/GC 기능/S.M.A.R.T 지원/ECC 지원/DEVSLP 지원/SLC 캐싱/7mm/48g/3년 
마이크론 Crucial MX300 대원CTS,275,107500,내장형SSD/2.5형(6.4cm)/SATA3 (6Gb/s)/TLC(기타)/3D낸드/마벨 88SS1074/최대 530MB/s/최대 510MB/s/1,500,000시간/TRIM 지원/GC 기능/S.M.A.R.T 지원/ECC 지원/DEVSLP 지원/7mm/3년/전용 소프트웨어 
마이크론 Crucial MX300 대원CTS,525,114290,내장형SSD/2.5형(6.4cm)/SATA3 (6Gb/s)/TLC(기타)/3D낸드/마벨 88SS1074/최대 530MB/s/최대 510MB/s/1,500,000시간/TRIM 지원/GC 기능/S.M.A.R.T 지원/ECC 지원/DEVSLP 지원/7mm/3년/전용 소프트웨어 
마이크론 Crucial MX300 대원CTS,1000,291800,내장형SSD/2.5형(6.4cm)/SATA3 (6Gb/s)/TLC(기타)/3D낸드/마벨 88SS1074/최대 530MB/s/최대 510MB/s/1,500,000시간/TRIM 지원/GC 기능/S.M.A.R.T 지원/ECC 지원/DEVSLP 지원/7mm/3년/전용 소프트웨어 
마이크론 Crucial MX300 대원CTS,2000,588120,내장형SSD/2.5형(6.4cm)/SATA3 (6Gb/s)/TLC(기타)/3D낸드/마벨 88SS1074/최대 530MB/s/최대 510MB/s/1,500,000시간/TRIM 지원/GC 기능/S.M.A.R.T 지원/ECC 지원/DEVSLP 지원/7mm/3년/전용 소프트웨어 
삼성전자 860 EVO 병행수입,250,59670,내장형SSD/2.5형(6.4cm)/SATA3 (6Gb/s)/TLC(토글)/3D낸드/삼성 MJX/LPDDR4/512MB/최대 550MB/s/최대 520MB/s/1,500,000시간/TRIM 지원/GC 기능/S.M.A.R.T 지원/ECC 지원/DEVSLP 지원/6.8mm/최대 50g/벌크 여부 확인요망 
삼성전자 860 EVO 병행수입,500,102850,내장형SSD/2.5형(6.4cm)/SATA3 (6Gb/s)/TLC(토글)/3D낸드/삼성 MJX/LPDDR4/512MB/최대 550MB/s/최대 520MB/s/1,500,000시간/TRIM 지원/GC 기능/S.M.A.R.T 지원/ECC 지원/DEVSLP 지원/6.8mm/최대 50g/벌크 여부 확인요망 
삼성전자 860 EVO 병행수입,1000,222230,내장형SSD/2.5형(6.4cm)/SATA3 (6Gb/s)/TLC(토글)/3D낸드/삼성 MJX/LPDDR4/512MB/최대 550MB/s/최대 520MB/s/1,500,000시간/TRIM 지원/GC 기능/S.M.A.R.T 지원/ECC 지원/DEVSLP 지원/6.8mm/최대 50g/벌크 여부 확인요망 
삼성전자 860 EVO 병행수입,2000,615000,내장형SSD/2.5형(6.4cm)/SATA3 (6Gb/s)/TLC(토글)/3D낸드/삼성 MJX/LPDDR4/512MB/최대 550MB/s/최대 520MB/s/1,500,000시간/TRIM 지원/GC 기능/S.M.A.R.T 지원/ECC 지원/DEVSLP 지원/6.8mm/최대 50g/벌크 여부 확인요망 
타무즈 M720 PRO M.2 2280,256,88000,내장형SSD/M.2 (2280)/PCIe3.0x4 (32GT/s)/NVMe 1.3/TLC(기타)/3D낸드/파이슨 PS5012-E12/1GB/최대 3,400MB/s/최대 3,000MB/s/1,800,000시간/TRIM 지원/GC 기능/S.M.A.R.T 지원/ECC 지원/DEVSLP 지원/SLC 캐싱/2.3mm/8.2g/3년 
타무즈 M720 PRO M.2 2280,512,167500,내장형SSD/M.2 (2280)/PCIe3.0x4 (32GT/s)/NVMe 1.3/TLC(기타)/3D낸드/파이슨 PS5012-E12/1GB/최대 3,400MB/s/최대 3,000MB/s/1,800,000시간/TRIM 지원/GC 기능/S.M.A.R.T 지원/ECC 지원/DEVSLP 지원/SLC 캐싱/2.3mm/8.2g/3년 
타무즈 M720 PRO M.2 2280,1000,362500,내장형SSD/M.2 (2280)/PCIe3.0x4 (32GT/s)/NVMe 1.3/TLC(기타)/3D낸드/파이슨 PS5012-E12/1GB/최대 3,400MB/s/최대 3,000MB/s/1,800,000시간/TRIM 지원/GC 기능/S.M.A.R.T 지원/ECC 지원/DEVSLP 지원/SLC 캐싱/2.3mm/8.2g/3년 
ADATA XPG SX6000 M.2 2280 STCOM,128,45800,내장형SSD/M.2 (2280)/PCIe3.0x2 (16GT/s)/NVMe 1.2/TLC(기타)/3D낸드/Realtek/확인요망/확인요망/최대 1,000MB/s/최대 800MB/s/2,000,000시간/SLC 캐싱/3.5mm/8g/5년/전용 소프트웨어 
ADATA XPG SX6000 M.2 2280 STCOM,256,73900,내장형SSD/M.2 (2280)/PCIe3.0x2 (16GT/s)/NVMe 1.2/TLC(기타)/3D낸드/Realtek/확인요망/확인요망/최대 1,000MB/s/최대 800MB/s/2,000,000시간/SLC 캐싱/3.5mm/8g/5년/전용 소프트웨어 
ADATA XPG SX6000 M.2 2280 STCOM,512,135700,내장형SSD/M.2 (2280)/PCIe3.0x2 (16GT/s)/NVMe 1.2/TLC(기타)/3D낸드/Realtek/확인요망/확인요망/최대 1,000MB/s/최대 800MB/s/2,000,000시간/SLC 캐싱/3.5mm/8g/5년/전용 소프트웨어 
ADATA XPG SX6000 M.2 2280 STCOM,1000,278500,내장형SSD/M.2 (2280)/PCIe3.0x2 (16GT/s)/NVMe 1.2/TLC(기타)/3D낸드/Realtek/확인요망/확인요망/최대 1,000MB/s/최대 800MB/s/2,000,000시간/SLC 캐싱/3.5mm/8g/5년/전용 소프트웨어 
Western Digital WD Blue M.2 2280,250,60100,내장형SSD/M.2 (2280)/SATA3 (6Gb/s)/확인 요망/마벨/최대 545MB/s/최대 525MB/s/1,750,000시간/GC 기능/2.23mm/최대 8g/3년 
Western Digital WD Blue M.2 2280,500,105900,내장형SSD/M.2 (2280)/SATA3 (6Gb/s)/확인 요망/마벨/최대 545MB/s/최대 525MB/s/1,750,000시간/GC 기능/2.23mm/최대 8g/3년 
Western Digital WD Blue M.2 2280,1000,243000,내장형SSD/M.2 (2280)/SATA3 (6Gb/s)/확인 요망/마벨/최대 545MB/s/최대 525MB/s/1,750,000시간/GC 기능/2.23mm/최대 8g/3년 
마이크론 Crucial MX300 M.2 2280 대원CTS,275,104240,내장형SSD/M.2 (2280)/SATA3 (6Gb/s)/TLC(기타)/3D낸드/마벨 88SS1074/최대 530MB/s/최대 500MB/s/1,500,000시간/TRIM 지원/GC 기능/S.M.A.R.T 지원/ECC 지원/DEVSLP 지원/3년/전용 소프트웨어 
마이크론 Crucial MX300 M.2 2280 대원CTS,525,169780,내장형SSD/M.2 (2280)/SATA3 (6Gb/s)/TLC(기타)/3D낸드/마벨 88SS1074/최대 530MB/s/최대 500MB/s/1,500,000시간/TRIM 지원/GC 기능/S.M.A.R.T 지원/ECC 지원/DEVSLP 지원/3년/전용 소프트웨어 
마이크론 Crucial MX300 M.2 2280 대원CTS,1000,296640,내장형SSD/M.2 (2280)/SATA3 (6Gb/s)/TLC(기타)/3D낸드/마벨 88SS1074/최대 530MB/s/최대 500MB/s/1,500,000시간/TRIM 지원/GC 기능/S.M.A.R.T 지원/ECC 지원/DEVSLP 지원/3년/전용 소프트웨어 
ADATA Ultimate SU655 코잇,120,24400,내장형SSD/2.5형(6.4cm)/SATA3 (6Gb/s)/3D낸드/최대 520MB/s/최대 450MB/s/2,000,000시간/ECC 지원/SLC 캐싱/7mm/47.5g/3년/전용 소프트웨어/2.5mm 스페이서 포함 
ADATA Ultimate SU655 코잇,240,42400,내장형SSD/2.5형(6.4cm)/SATA3 (6Gb/s)/3D낸드/최대 520MB/s/최대 450MB/s/2,000,000시간/ECC 지원/SLC 캐싱/7mm/47.5g/3년/전용 소프트웨어/2.5mm 스페이서 포함 
ADATA Ultimate SU655 코잇,480,85000,내장형SSD/2.5형(6.4cm)/SATA3 (6Gb/s)/3D낸드/최대 520MB/s/최대 450MB/s/2,000,000시간/ECC 지원/SLC 캐싱/7mm/47.5g/3년/전용 소프트웨어/2.5mm 스페이서 포함 
ADATA Ultimate SU900 STCOM,128,50000,내장형SSD/2.5형(6.4cm)/SATA3 (6Gb/s)/MLC(기타)/3D낸드/실리콘모션 SMI 2258/최대 560MB/s/최대 520MB/s/2,000,000시간/TRIM 지원/S.M.A.R.T 지원/ECC 지원/DEVSLP 지원/SLC 캐싱/7mm/47.5g/5년/전용 소프트웨어 
ADATA Ultimate SU900 STCOM,256,80100,내장형SSD/2.5형(6.4cm)/SATA3 (6Gb/s)/MLC(기타)/3D낸드/실리콘모션 SMI 2258/최대 560MB/s/최대 520MB/s/2,000,000시간/TRIM 지원/S.M.A.R.T 지원/ECC 지원/DEVSLP 지원/SLC 캐싱/7mm/47.5g/5년/전용 소프트웨어 
ADATA Ultimate SU900 STCOM,512,142500,내장형SSD/2.5형(6.4cm)/SATA3 (6Gb/s)/MLC(기타)/3D낸드/실리콘모션 SMI 2258/최대 560MB/s/최대 520MB/s/2,000,000시간/TRIM 지원/S.M.A.R.T 지원/ECC 지원/DEVSLP 지원/SLC 캐싱/7mm/47.5g/5년/전용 소프트웨어 
ADATA Ultimate SU900 STCOM,1000,261900,내장형SSD/2.5형(6.4cm)/SATA3 (6Gb/s)/MLC(기타)/3D낸드/실리콘모션 SMI 2258/최대 560MB/s/최대 520MB/s/2,000,000시간/TRIM 지원/S.M.A.R.T 지원/ECC 지원/DEVSLP 지원/SLC 캐싱/7mm/47.5g/5년/전용 소프트웨어 
ADATA Ultimate SU900 STCOM,2000,1094980,내장형SSD/2.5형(6.4cm)/SATA3 (6Gb/s)/MLC(기타)/3D낸드/실리콘모션 SMI 2258/최대 560MB/s/최대 520MB/s/2,000,000시간/TRIM 지원/S.M.A.R.T 지원/ECC 지원/DEVSLP 지원/SLC 캐싱/7mm/47.5g/5년/전용 소프트웨어 
Western Digital WD Blue SSD,250,56900,내장형SSD/2.5형(6.4cm)/SATA3 (6Gb/s)/마벨/최대 540MB/s/최대 500MB/s/1,750,000시간/TRIM 지원/S.M.A.R.T 지원/7mm/37.4g/3년 
Western Digital WD Blue SSD,500,103900,내장형SSD/2.5형(6.4cm)/SATA3 (6Gb/s)/마벨/최대 540MB/s/최대 500MB/s/1,750,000시간/TRIM 지원/S.M.A.R.T 지원/7mm/37.4g/3년 
Western Digital WD Blue SSD,1000,232200,내장형SSD/2.5형(6.4cm)/SATA3 (6Gb/s)/마벨/최대 540MB/s/최대 500MB/s/1,750,000시간/TRIM 지원/S.M.A.R.T 지원/7mm/37.4g/3년 
ADATA XPG SX8200 M.2 2280 STCOM,240,85800,내장형SSD/M.2 (2280)/PCIe3.0x4 (32GT/s)/NVMe 1.3/TLC(기타)/3D낸드/실리콘모션/최대 3,200MB/s/최대 1,100MB/s/2,000,000시간/ECC 지원/SLC 캐싱/3.5mm/8g/5년/방열판(히트싱크) 
ADATA XPG SX8200 M.2 2280 STCOM,480,143900,내장형SSD/M.2 (2280)/PCIe3.0x4 (32GT/s)/NVMe 1.3/TLC(기타)/3D낸드/실리콘모션/최대 3,200MB/s/최대 1,100MB/s/2,000,000시간/ECC 지원/SLC 캐싱/3.5mm/8g/5년/방열판(히트싱크) 
ADATA XPG SX8200 M.2 2280 STCOM,960,318500,내장형SSD/M.2 (2280)/PCIe3.0x4 (32GT/s)/NVMe 1.3/TLC(기타)/3D낸드/실리콘모션/최대 3,200MB/s/최대 1,100MB/s/2,000,000시간/ECC 지원/SLC 캐싱/3.5mm/8g/5년/방열판(히트싱크) 
ADATA XPG GAMMIX S10 M.2 2280 STCOM,128,77190,내장형SSD/M.2 (2280)/PCIe3.0x4 (32GT/s)/NVMe 1.2/TLC(기타)/3D낸드/실리콘모션/최대 1,370MB/s/최대 820MB/s/2,000,000시간/ECC 지원/SLC 캐싱/3.5mm/8g/5년/방열판(히트싱크) 
ADATA XPG GAMMIX S10 M.2 2280 STCOM,256,127410,내장형SSD/M.2 (2280)/PCIe3.0x4 (32GT/s)/NVMe 1.2/TLC(기타)/3D낸드/실리콘모션/최대 1,370MB/s/최대 820MB/s/2,000,000시간/ECC 지원/SLC 캐싱/3.5mm/8g/5년/방열판(히트싱크) 
ADATA XPG GAMMIX S10 M.2 2280 STCOM,1000,456000,내장형SSD/M.2 (2280)/PCIe3.0x4 (32GT/s)/NVMe 1.2/TLC(기타)/3D낸드/실리콘모션/최대 1,370MB/s/최대 820MB/s/2,000,000시간/ECC 지원/SLC 캐싱/3.5mm/8g/5년/방열판(히트싱크) 
ADATA Ultimate SU800 STCOM,120,25400,내장형SSD/2.5형(6.4cm)/SATA3 (6Gb/s)/확인 요망/3D낸드/최대 520MB/s/최대 450MB/s/2,000,000시간/ECC 지원/SLC 캐싱/7mm/47.5g/3년/전용 소프트웨어
ADATA Ultimate SU650 STCOM,240,44000,내장형SSD/2.5형(6.4cm)/SATA3 (6Gb/s)/확인 요망/3D낸드/최대 520MB/s/최대 450MB/s/2,000,000시간/ECC 지원/SLC 캐싱/7mm/47.5g/3년/전용 소프트웨어
ADATA Ultimate SU650 STCOM,480,86300,내장형SSD/2.5형(6.4cm)/SATA3 (6Gb/s)/확인 요망/3D낸드/최대 520MB/s/최대 450MB/s/2,000,000시간/ECC 지원/SLC 캐싱/7mm/47.5g/3년/전용 소프트웨어
ADATA Ultimate SU650 STCOM,960,191730,내장형SSD/2.5형(6.4cm)/SATA3 (6Gb/s)/확인 요망/3D낸드/최대 520MB/s/최대 450MB/s/2,000,000시간/ECC 지원/SLC 캐싱/7mm/47.5g/3년/전용 소프트웨어
ADATA XPG SX9000 Extreme Pack STCOM,512,316000,내장형SSD/M.2 (2280)/PCIe3.0x4 (32GT/s)/NVMe 1.2/MLC(기타)/2D낸드/마벨/최대 2,800MB/s/최대 1,450MB/s/2,000,000시간/ECC 지원/SLC 캐싱/3.5mm/8g/5년/ 방열판 별도 제공/SX9000 M.2 2280 + STORM M.2 쿨러 패키지
ADATA XPG SX9000 Extreme Pack STCOM,1000,663120,내장형SSD/M.2 (2280)/PCIe3.0x4 (32GT/s)/NVMe 1.2/MLC(기타)/2D낸드/마벨/최대 2,800MB/s/최대 1,450MB/s/2,000,000시간/ECC 지원/SLC 캐싱/3.5mm/8g/5년/ 방열판 별도 제공/SX9000 M.2 2280 + STORM M.2 쿨러 패키지
ADATA XPG SX8000 M.2 2280,128,65300,내장형SSD/M.2 (2280)/PCIe3.0x4 (32GT/s)/NVMe 1.2/MLC(기타)/3D낸드/실리콘모션 SMI2260/최대 1,000MB/s/최대 550MB/s/2,000,000시간/ECC 지원/SLC 캐싱/3.5mm/8g/5년
ADATA XPG SX8000 M.2 2280,256,112000,내장형SSD/M.2 (2280)/PCIe3.0x4 (32GT/s)/NVMe 1.2/MLC(기타)/3D낸드/실리콘모션 SMI2260/최대 1,000MB/s/최대 550MB/s/2,000,000시간/ECC 지원/SLC 캐싱/3.5mm/8g/5년
ADATA XPG SX950,240,63100,내장형SSD/2.5형(6.4cm)/SATA3 (6Gb/s)/MLC(기타)/3D낸드/ 확인요망/확인요망 /최대 560MB/s/최대 520MB/s/2,000,000시간/ECC 지원/SLC 캐싱/7mm/58g/6년
ADATA XPG SX950,480,120300,내장형SSD/2.5형(6.4cm)/SATA3 (6Gb/s)/MLC(기타)/3D낸드/ 확인요망/확인요망 /최대 560MB/s/최대 520MB/s/2,000,000시간/ECC 지원/SLC 캐싱/7mm/58g/6년
ADATA XPG SX950,960,537620,내장형SSD/2.5형(6.4cm)/SATA3 (6Gb/s)/MLC(기타)/3D낸드/ 확인요망/확인요망 /최대 560MB/s/최대 520MB/s/2,000,000시간/ECC 지원/SLC 캐싱/7mm/58g/6년
Western Digital WD Black M.2 2280,256,104900,내장형SSD/M.2 (2280)/PCIe3.0x4 (32GT/s)/NVMe/WD/최대 2,050MB/s/최대 800MB/s/1,750,000시간/TRIM 지원/S.M.A.R.T 지원/2.28mm/최대 7.7g/5년
Western Digital WD Black M.2 2280,512,218550,내장형SSD/M.2 (2280)/PCIe3.0x4 (32GT/s)/NVMe/WD/최대 2,050MB/s/최대 800MB/s/1,750,000시간/TRIM 지원/S.M.A.R.T 지원/2.28mm/최대 7.7g/5년
ADATA Ultimate SU700,120,67450,내장형SSD/2.5형(6.4cm)/SATA3 (6Gb/s)/TLC(기타)/3D낸드/Maxiotek/ 확인요망/확인요망 /최대 560MB/s/최대 320MB/s/2,000,000시간/ECC 지원/SLC 캐싱/7mm/47.5g/3년/ VPR/주파수 제어/AES 256bit
ADATA Ultimate SU700,240,112430,내장형SSD/2.5형(6.4cm)/SATA3 (6Gb/s)/TLC(기타)/3D낸드/Maxiotek/ 확인요망/확인요망 /최대 560MB/s/최대 320MB/s/2,000,000시간/ECC 지원/SLC 캐싱/7mm/47.5g/3년/ VPR/주파수 제어/AES 256bit
ADATA Ultimate SU700,480,192090,내장형SSD/2.5형(6.4cm)/SATA3 (6Gb/s)/TLC(기타)/3D낸드/Maxiotek/ 확인요망/확인요망 /최대 560MB/s/최대 320MB/s/2,000,000시간/ECC 지원/SLC 캐싱/7mm/47.5g/3년/ VPR/주파수 제어/AES 256bit
ADATA XPG SX7000 M.2 2280,128,69000,내장형SSD/M.2 (2280)/PCIe3.0x4 (32GT/s)/NVMe 1.2/TLC(기타)/3D낸드/실리콘모션/ 확인요망/확인요망 /최대 660MB/s/최대 450MB/s/2,000,000시간/ECC 지원/SLC 캐싱/3.5mm/8g/5년
ADATA XPG SX7000 M.2 2280,256,141040,내장형SSD/M.2 (2280)/PCIe3.0x4 (32GT/s)/NVMe 1.2/TLC(기타)/3D낸드/실리콘모션/ 확인요망/확인요망 /최대 660MB/s/최대 450MB/s/2,000,000시간/ECC 지원/SLC 캐싱/3.5mm/8g/5년
ADATA XPG SX7000 M.2 2280,1000,511200,내장형SSD/M.2 (2280)/PCIe3.0x4 (32GT/s)/NVMe 1.2/TLC(기타)/3D낸드/실리콘모션/ 확인요망/확인요망 /최대 660MB/s/최대 450MB/s/2,000,000시간/ECC 지원/SLC 캐싱/3.5mm/8g/5년
ADATA XPG GAMMIX S10 SSD Pack STCOM,128,96360,내장형SSD/M.2 (2280)/PCIe3.0x4 (32GT/s)/NVMe 1.2/TLC(기타)/3D낸드/실리콘모션/최대 1,370MB/s/최대 820MB/s/2,000,000시간/ECC 지원/SLC 캐싱/3.5mm/8g/5년/ 방열판(히트싱크)/S10 M.2 2280 + EX500 외장케이스 패키지
ADATA XPG GAMMIX S10 SSD Pack STCOM,256,147870,내장형SSD/M.2 (2280)/PCIe3.0x4 (32GT/s)/NVMe 1.2/TLC(기타)/3D낸드/실리콘모션/최대 1,370MB/s/최대 820MB/s/2,000,000시간/ECC 지원/SLC 캐싱/3.5mm/8g/5년/ 방열판(히트싱크)/S10 M.2 2280 + EX500 외장케이스 패키지
삼성전자 850 SATA3,120,50800,내장형SSD/2.5형(6.4cm)/SATA3 (6Gb/s)/TLC(토글)/3D낸드/삼성 MGX/LPDDR3/256MB/최대 540MB/s/최대 520MB/s/1,500,000시간/TRIM 지원/GC 기능/S.M.A.R.T 지원/6.8mm/최대 55g/3년/전용 소프트웨어/ TurboWrite
삼성전자 860 PRO,256,114800,내장형SSD/2.5형(6.4cm)/SATA3 (6Gb/s)/MLC(토글)/3D낸드/삼성 MJX/LPDDR4/1GB/최대 560MB/s/최대 530MB/s/2,000,000시간/TRIM 지원/GC 기능/S.M.A.R.T 지원/ECC 지원/DEVSLP 지원/6.8mm/최대 60g/5년/전용 소프트웨어/ 구매전 병행수입 전환판매 여부 반드시 확인요망
삼성전자 860 PRO,512,206600,내장형SSD/2.5형(6.4cm)/SATA3 (6Gb/s)/MLC(토글)/3D낸드/삼성 MJX/LPDDR4/1GB/최대 560MB/s/최대 530MB/s/2,000,000시간/TRIM 지원/GC 기능/S.M.A.R.T 지원/ECC 지원/DEVSLP 지원/6.8mm/최대 60g/5년/전용 소프트웨어/ 구매전 병행수입 전환판매 여부 반드시 확인요망
삼성전자 860 PRO,1000,420000,내장형SSD/2.5형(6.4cm)/SATA3 (6Gb/s)/MLC(토글)/3D낸드/삼성 MJX/LPDDR4/1GB/최대 560MB/s/최대 530MB/s/2,000,000시간/TRIM 지원/GC 기능/S.M.A.R.T 지원/ECC 지원/DEVSLP 지원/6.8mm/최대 60g/5년/전용 소프트웨어/ 구매전 병행수입 전환판매 여부 반드시 확인요망
삼성전자 860 PRO,2000,901400,내장형SSD/2.5형(6.4cm)/SATA3 (6Gb/s)/MLC(토글)/3D낸드/삼성 MJX/LPDDR4/1GB/최대 560MB/s/최대 530MB/s/2,000,000시간/TRIM 지원/GC 기능/S.M.A.R.T 지원/ECC 지원/DEVSLP 지원/6.8mm/최대 60g/5년/전용 소프트웨어/ 구매전 병행수입 전환판매 여부 반드시 확인요망
삼성전자 850 PRO,128,190650,내장형SSD/2.5형(6.4cm)/SATA3(6Gb/s)/MLC(토글)/3D낸드/삼성 3-CORE MEX/최대 550MB/s/최대 520MB/s/TRIM 지원/GC 기능/6.8mm/최대 66g/10년 제한 보증(300TBW)
삼성전자 850 PRO,256,138130,내장형SSD/2.5형(6.4cm)/SATA3(6Gb/s)/MLC(토글)/3D낸드/삼성 3-CORE MEX/최대 550MB/s/최대 520MB/s/TRIM 지원/GC 기능/6.8mm/최대 66g/10년 제한 보증(300TBW)
삼성전자 850 PRO,512,191040,내장형SSD/2.5형(6.4cm)/SATA3(6Gb/s)/MLC(토글)/3D낸드/삼성 3-CORE MEX/최대 550MB/s/최대 520MB/s/TRIM 지원/GC 기능/6.8mm/최대 66g/10년 제한 보증(300TBW)
삼성전자 850 PRO,1000,450000,내장형SSD/2.5형(6.4cm)/SATA3(6Gb/s)/MLC(토글)/3D낸드/삼성 3-CORE MEX/최대 550MB/s/최대 520MB/s/TRIM 지원/GC 기능/6.8mm/최대 66g/10년 제한 보증(300TBW)
삼성전자 850 PRO,2000,1156700,내장형SSD/2.5형(6.4cm)/SATA3(6Gb/s)/MLC(토글)/3D낸드/삼성 3-CORE MEX/최대 550MB/s/최대 520MB/s/TRIM 지원/GC 기능/6.8mm/최대 66g/10년 제한 보증(300TBW)
삼성전자 860 EVO M.2 2280,250,84800,내장형SSD/M.2 (2280)/SATA3 (6Gb/s)/TLC(토글)/3D낸드/삼성 MJX/LPDDR4/512MB/최대 550MB/s/최대 520MB/s/1,500,000시간/TRIM 지원/GC 기능/S.M.A.R.T 지원/ECC 지원/DEVSLP 지원/2.38mm/최대 8g/5년/전용 소프트웨어/ 구매전 병행수입 전환판매 여부 반드시 확인요망
삼성전자 860 EVO M.2 2280,500,143370,내장형SSD/M.2 (2280)/SATA3 (6Gb/s)/TLC(토글)/3D낸드/삼성 MJX/LPDDR4/512MB/최대 550MB/s/최대 520MB/s/1,500,000시간/TRIM 지원/GC 기능/S.M.A.R.T 지원/ECC 지원/DEVSLP 지원/2.38mm/최대 8g/5년/전용 소프트웨어/ 구매전 병행수입 전환판매 여부 반드시 확인요망
삼성전자 860 EVO M.2 2280,1000,283260,내장형SSD/M.2 (2280)/SATA3 (6Gb/s)/TLC(토글)/3D낸드/삼성 MJX/LPDDR4/512MB/최대 550MB/s/최대 520MB/s/1,500,000시간/TRIM 지원/GC 기능/S.M.A.R.T 지원/ECC 지원/DEVSLP 지원/2.38mm/최대 8g/5년/전용 소프트웨어/ 구매전 병행수입 전환판매 여부 반드시 확인요망
삼성전자 960 EVO M.2 2280,250,115540,내장형SSD/M.2 (2280)/PCIe3.0x4 (32GT/s)/NVMe 1.2/TLC(토글)/3D낸드/삼성 Polaris/LDDR3/1GB/최대 3,200MB/s/최대 1,900MB/s/1,500,000시간/TRIM 지원/GC 기능/S.M.A.R.T 지원/DEVSLP 지원/2.38mm/최대 8g/3년
삼성전자 960 EVO M.2 2280,500,176440,내장형SSD/M.2 (2280)/PCIe3.0x4 (32GT/s)/NVMe 1.2/TLC(토글)/3D낸드/삼성 Polaris/LDDR3/1GB/최대 3,200MB/s/최대 1,900MB/s/1,500,000시간/TRIM 지원/GC 기능/S.M.A.R.T 지원/DEVSLP 지원/2.38mm/최대 8g/3년
삼성전자 960 EVO M.2 2280,1000,434000,내장형SSD/M.2 (2280)/PCIe3.0x4 (32GT/s)/NVMe 1.2/TLC(토글)/3D낸드/삼성 Polaris/LDDR3/1GB/최대 3,200MB/s/최대 1,900MB/s/1,500,000시간/TRIM 지원/GC 기능/S.M.A.R.T 지원/DEVSLP 지원/2.38mm/최대 8g/3년
ADATA Ultimate SU800 SHT,128,36900,내장형SSD/2.5형(6.4cm)/SATA3 (6Gb/s)/TLC(기타)/3D낸드/실리콘모션 SM2258/ 확인요망/확인요망 /최대 560MB/s/최대 520MB/s/2,000,000시간/TRIM 지원/GC 기능/S.M.A.R.T 지원/ECC 지원/DEVSLP 지원/SLC 캐싱/7mm/3년/전용 소프트웨어
ADATA Ultimate SU800 SHT,256,55000,내장형SSD/2.5형(6.4cm)/SATA3 (6Gb/s)/TLC(기타)/3D낸드/실리콘모션 SM2258/ 확인요망/확인요망 /최대 560MB/s/최대 520MB/s/2,000,000시간/TRIM 지원/GC 기능/S.M.A.R.T 지원/ECC 지원/DEVSLP 지원/SLC 캐싱/7mm/3년/전용 소프트웨어
ADATA Ultimate SU800 SHT,512,101000,내장형SSD/2.5형(6.4cm)/SATA3 (6Gb/s)/TLC(기타)/3D낸드/실리콘모션 SM2258/ 확인요망/확인요망 /최대 560MB/s/최대 520MB/s/2,000,000시간/TRIM 지원/GC 기능/S.M.A.R.T 지원/ECC 지원/DEVSLP 지원/SLC 캐싱/7mm/3년/전용 소프트웨어
ADATA Ultimate SU800 SHT,1000,211700,내장형SSD/2.5형(6.4cm)/SATA3 (6Gb/s)/TLC(기타)/3D낸드/실리콘모션 SM2258/ 확인요망/확인요망 /최대 560MB/s/최대 520MB/s/2,000,000시간/TRIM 지원/GC 기능/S.M.A.R.T 지원/ECC 지원/DEVSLP 지원/SLC 캐싱/7mm/3년/전용 소프트웨어
삼성전자 970 EVO M.2 2280 병행수입,250,94920,내장형SSD/M.2 (2280)/PCIe3.0x4 (32GT/s)/NVMe 1.3/TLC(기타)/3D낸드/삼성 Phoenix/LPDDR4/512MB/최대 3,400MB/s/최대 2,300MB/s/1,500,000시간/TRIM 지원/GC 기능/S.M.A.R.T 지원/DEVSLP 지원/2.38mm/최대 8g/전용 소프트웨어
삼성전자 970 EVO M.2 2280 병행수입,500,166920,내장형SSD/M.2 (2280)/PCIe3.0x4 (32GT/s)/NVMe 1.3/TLC(기타)/3D낸드/삼성 Phoenix/LPDDR4/512MB/최대 3,400MB/s/최대 2,300MB/s/1,500,000시간/TRIM 지원/GC 기능/S.M.A.R.T 지원/DEVSLP 지원/2.38mm/최대 8g/전용 소프트웨어
삼성전자 970 EVO M.2 2280 병행수입,1000,345010,내장형SSD/M.2 (2280)/PCIe3.0x4 (32GT/s)/NVMe 1.3/TLC(기타)/3D낸드/삼성 Phoenix/LPDDR4/512MB/최대 3,400MB/s/최대 2,300MB/s/1,500,000시간/TRIM 지원/GC 기능/S.M.A.R.T 지원/DEVSLP 지원/2.38mm/최대 8g/전용 소프트웨어
삼성전자 970 EVO M.2 2280 병행수입,2000,796230,내장형SSD/M.2 (2280)/PCIe3.0x4 (32GT/s)/NVMe 1.3/TLC(기타)/3D낸드/삼성 Phoenix/LPDDR4/512MB/최대 3,400MB/s/최대 2,300MB/s/1,500,000시간/TRIM 지원/GC 기능/S.M.A.R.T 지원/DEVSLP 지원/2.38mm/최대 8g/전용 소프트웨어
삼성전자 850 EVO mSATA,250,127380,내장형SSD/Mini SATA(mSATA)/SATA3(6Gb/s)/TLC(토글)/3D낸드/삼성전자 MGX Controller/최대 540MB/s/최대 520MB/s/1,500,000시간/TRIM 지원/GC 기능/S.M.A.R.T 지원/3.85mm/5년
삼성전자 850 EVO mSATA,500,136400,내장형SSD/Mini SATA(mSATA)/SATA3(6Gb/s)/TLC(토글)/3D낸드/삼성전자 MGX Controller/최대 540MB/s/최대 520MB/s/1,500,000시간/TRIM 지원/GC 기능/S.M.A.R.T 지원/3.85mm/5년
삼성전자 850 EVO mSATA,1000,325490,내장형SSD/Mini SATA(mSATA)/SATA3(6Gb/s)/TLC(토글)/3D낸드/삼성전자 MGX Controller/최대 540MB/s/최대 520MB/s/1,500,000시간/TRIM 지원/GC 기능/S.M.A.R.T 지원/3.85mm/5년
삼성전자 PM961 M.2 2280 병행수입,128,51370,내장형SSD/M.2 (2280)/PCIe3.0x4 (32GT/s)/NVMe 1.2/TLC(토글)/삼성 Polaris (AMD)/최대 2,800MB/s/최대 600MB/s/GC 기능/ 벌크 여부 확인요망
삼성전자 PM961 M.2 2280 병행수입,256,89900,내장형SSD/M.2 (2280)/PCIe3.0x4 (32GT/s)/NVMe 1.2/TLC(토글)/삼성 Polaris (AMD)/최대 2,800MB/s/최대 600MB/s/GC 기능/ 벌크 여부 확인요망
삼성전자 PM961 M.2 2280 병행수입,512,182390,내장형SSD/M.2 (2280)/PCIe3.0x4 (32GT/s)/NVMe 1.2/TLC(토글)/삼성 Polaris (AMD)/최대 2,800MB/s/최대 600MB/s/GC 기능/ 벌크 여부 확인요망
삼성전자 PM961 M.2 2280 병행수입,1000,636980,내장형SSD/M.2 (2280)/PCIe3.0x4 (32GT/s)/NVMe 1.2/TLC(토글)/삼성 Polaris (AMD)/최대 2,800MB/s/최대 600MB/s/GC 기능/ 벌크 여부 확인요망
삼성전자 PM981 M.2 2280 병행수입,256,88200,내장형SSD/M.2 (2280)/PCIe3.0x4 (32GT/s)/NVMe/TLC(기타)/3D낸드/삼성 폴라리스 V2/512MB/최대 3,000MB/s/최대 1,800MB/s/SLC 캐싱/ 벌크 여부 확인요망
삼성전자 PM981 M.2 2280 병행수입,512,177000,내장형SSD/M.2 (2280)/PCIe3.0x4 (32GT/s)/NVMe/TLC(기타)/3D낸드/삼성 폴라리스 V2/512MB/최대 3,000MB/s/최대 1,800MB/s/SLC 캐싱/ 벌크 여부 확인요망
삼성전자 PM981 M.2 2280 병행수입,1000,402700,내장형SSD/M.2 (2280)/PCIe3.0x4 (32GT/s)/NVMe/TLC(기타)/3D낸드/삼성 폴라리스 V2/512MB/최대 3,000MB/s/최대 1,800MB/s/SLC 캐싱/ 벌크 여부 확인요망
마이크론 Crucial MX500 M.2 2280 아스크텍,250,57700,내장형SSD/M.2 (2280)/SATA3 (6Gb/s)/TLC(기타)/3D낸드/실리콘모션 SM2258/최대 560MB/s/최대 510MB/s/1,800,000시간/TRIM 지원/GC 기능/S.M.A.R.T 지원/ECC 지원/DEVSLP 지원/2.25mm/5년/전용 소프트웨어
마이크론 Crucial MX500 M.2 2280 아스크텍,500,103900,내장형SSD/M.2 (2280)/SATA3 (6Gb/s)/TLC(기타)/3D낸드/실리콘모션 SM2258/최대 560MB/s/최대 510MB/s/1,800,000시간/TRIM 지원/GC 기능/S.M.A.R.T 지원/ECC 지원/DEVSLP 지원/2.25mm/5년/전용 소프트웨어
마이크론 Crucial MX500 M.2 2280 아스크텍,1000,228000,내장형SSD/M.2 (2280)/SATA3 (6Gb/s)/TLC(기타)/3D낸드/실리콘모션 SM2258/최대 560MB/s/최대 510MB/s/1,800,000시간/TRIM 지원/GC 기능/S.M.A.R.T 지원/ECC 지원/DEVSLP 지원/2.25mm/5년/전용 소프트웨어
삼성전자 970 PRO M.2 2280 병행수입,512,238060,내장형SSD/M.2 (2280)/PCIe3.0x4 (32GT/s)/NVMe 1.3/MLC(기타)/3D낸드/삼성 Phoenix/LPDDR4/1GB/최대 3,500MB/s/최대 2,700MB/s/1,500,000시간/TRIM 지원/GC 기능/S.M.A.R.T 지원/DEVSLP 지원/2.38mm/최대 8g/전용 소프트웨어
삼성전자 970 PRO M.2 2280 병행수입,256,483010,내장형SSD/M.2 (2280)/PCIe3.0x4 (32GT/s)/NVMe 1.3/MLC(기타)/3D낸드/삼성 Phoenix/LPDDR4/1GB/최대 3,500MB/s/최대 2,700MB/s/1,500,000시간/TRIM 지원/GC 기능/S.M.A.R.T 지원/DEVSLP 지원/2.38mm/최대 8g/전용 소프트웨어
마이크론 1100 SSD,256,56000,내장형SSD/2.5형(6.4cm)/SATA3 (6Gb/s)/TLC(기타)/3D낸드/마벨 88SS1074/LPDDR3/512MB/최대 530MB/s/최대 500MB/s/1,500,000시간/GC 기능/S.M.A.R.T 지원/DEVSLP 지원/3년/전용 소프트웨어
마이크론 1100 SSD,512,115300,내장형SSD/2.5형(6.4cm)/SATA3 (6Gb/s)/TLC(기타)/3D낸드/마벨 88SS1074/LPDDR3/512MB/최대 530MB/s/최대 500MB/s/1,500,000시간/GC 기능/S.M.A.R.T 지원/DEVSLP 지원/3년/전용 소프트웨어
마이크론 1100 SSD,1000,289000,내장형SSD/2.5형(6.4cm)/SATA3 (6Gb/s)/TLC(기타)/3D낸드/마벨 88SS1074/LPDDR3/512MB/최대 530MB/s/최대 500MB/s/1,500,000시간/GC 기능/S.M.A.R.T 지원/DEVSLP 지원/3년/전용 소프트웨어
삼성전자 860 EVO mSATA,250,87630,내장형SSD/Mini SATA(mSATA)/SATA3 (6Gb/s)/TLC(토글)/3D낸드/삼성 MJX/LPDDR4/512MB/최대 550MB/s/최대 520MB/s/1,500,000시간/TRIM 지원/GC 기능/S.M.A.R.T 지원/ECC 지원/DEVSLP 지원/최대 3.85mm/최대 8.5g/5년/전용 소프트웨어/ 구매전 병행수입 전환판매 여부 반드시 확인요망
삼성전자 860 EVO mSATA,500,145000,내장형SSD/Mini SATA(mSATA)/SATA3 (6Gb/s)/TLC(토글)/3D낸드/삼성 MJX/LPDDR4/512MB/최대 550MB/s/최대 520MB/s/1,500,000시간/TRIM 지원/GC 기능/S.M.A.R.T 지원/ECC 지원/DEVSLP 지원/최대 3.85mm/최대 8.5g/5년/전용 소프트웨어/ 구매전 병행수입 전환판매 여부 반드시 확인요망
삼성전자 850 EVO Series ,250,64600,내장형SSD/2.5형(6.4cm)/SATA3(6Gb/s)/TLC(토글)/3D낸드/삼성 MGX 컨트롤러/최대 540MB/s/최대 520MB/s/1,500,000시간/TRIM 지원/GC 기능/S.M.A.R.T 지원/6.8mm/5년/ 구매시 벌크 상품 확인 요망
삼성전자 850 EVO Series ,500,122000,내장형SSD/2.5형(6.4cm)/SATA3(6Gb/s)/TLC(토글)/3D낸드/삼성 MGX 컨트롤러/최대 540MB/s/최대 520MB/s/1,500,000시간/TRIM 지원/GC 기능/S.M.A.R.T 지원/6.8mm/5년/ 구매시 벌크 상품 확인 요망
삼성전자 850 EVO Series ,1000,245000,내장형SSD/2.5형(6.4cm)/SATA3(6Gb/s)/TLC(토글)/3D낸드/삼성 MGX 컨트롤러/최대 540MB/s/최대 520MB/s/1,500,000시간/TRIM 지원/GC 기능/S.M.A.R.T 지원/6.8mm/5년/ 구매시 벌크 상품 확인 요망
삼성전자 850 EVO Series ,2000,755000,내장형SSD/2.5형(6.4cm)/SATA3(6Gb/s)/TLC(토글)/3D낸드/삼성 MGX 컨트롤러/최대 540MB/s/최대 520MB/s/1,500,000시간/TRIM 지원/GC 기능/S.M.A.R.T 지원/6.8mm/5년/ 구매시 벌크 상품 확인 요망
삼성전자 860 EVO M.2 2280 병행수입,250,72390,내장형SSD/M.2 (2280)/SATA3 (6Gb/s)/TLC(토글)/3D낸드/삼성 MJX/LPDDR4/512MB/최대 550MB/s/최대 520MB/s/1,500,000시간/TRIM 지원/GC 기능/S.M.A.R.T 지원/ECC 지원/DEVSLP 지원/2.38mm/최대 8g/전용 소프트웨어
삼성전자 860 EVO M.2 2280 병행수입,500,115240,내장형SSD/M.2 (2280)/SATA3 (6Gb/s)/TLC(토글)/3D낸드/삼성 MJX/LPDDR4/512MB/최대 550MB/s/최대 520MB/s/1,500,000시간/TRIM 지원/GC 기능/S.M.A.R.T 지원/ECC 지원/DEVSLP 지원/2.38mm/최대 8g/전용 소프트웨어
삼성전자 860 EVO M.2 2280 병행수입,1000,249060,내장형SSD/M.2 (2280)/SATA3 (6Gb/s)/TLC(토글)/3D낸드/삼성 MJX/LPDDR4/512MB/최대 550MB/s/최대 520MB/s/1,500,000시간/TRIM 지원/GC 기능/S.M.A.R.T 지원/ECC 지원/DEVSLP 지원/2.38mm/최대 8g/전용 소프트웨어
삼성전자 PM871b M.2 2280 병행수입,128,50000,내장형SSD/M.2 (2280)/SATA3 (6Gb/s)/TLC(토글)/3D낸드/최대 540MB/s/최대 500MB/s/ 벌크 여부 확인요망
삼성전자 PM871b M.2 2280 병행수입,256,109730,내장형SSD/M.2 (2280)/SATA3 (6Gb/s)/TLC(토글)/3D낸드/최대 540MB/s/최대 500MB/s/ 벌크 여부 확인요망
삼성전자 960 PRO M.2 2280,512,254580,내장형SSD/M.2 (2280)/PCIe3.0x4 (32GT/s)/NVMe 1.2/MLC(토글)/3D낸드/삼성 Polaris/LDDR3/512MB/최대 3,500MB/s/최대 2,100MB/s/1,500,000시간/TRIM 지원/GC 기능/S.M.A.R.T 지원/DEVSLP 지원/2.38mm/최대 8.3g/5년
삼성전자 960 PRO M.2 2280,1000,514200,내장형SSD/M.2 (2280)/PCIe3.0x4 (32GT/s)/NVMe 1.2/MLC(토글)/3D낸드/삼성 Polaris/LDDR3/512MB/최대 3,500MB/s/최대 2,100MB/s/1,500,000시간/TRIM 지원/GC 기능/S.M.A.R.T 지원/DEVSLP 지원/2.38mm/최대 8.3g/5년
삼성전자 960 PRO M.2 2280,2000,1371200,내장형SSD/M.2 (2280)/PCIe3.0x4 (32GT/s)/NVMe 1.2/MLC(토글)/3D낸드/삼성 Polaris/LDDR3/512MB/최대 3,500MB/s/최대 2,100MB/s/1,500,000시간/TRIM 지원/GC 기능/S.M.A.R.T 지원/DEVSLP 지원/2.38mm/최대 8.3g/5년
ADATA Ultimate SU900 SHT,128,48680,내장형SSD/2.5형(6.4cm)/SATA3 (6Gb/s)/MLC(기타)/3D낸드/실리콘모션 SMI 2258/최대 560MB/s/최대 525MB/s/2,000,000시간/TRIM 지원/S.M.A.R.T 지원/ECC 지원/DEVSLP 지원/SLC 캐싱/7mm/47.5g/5년/전용 소프트웨어
ADATA Ultimate SU900 SHT,256,75050,내장형SSD/2.5형(6.4cm)/SATA3 (6Gb/s)/MLC(기타)/3D낸드/실리콘모션 SMI 2258/최대 560MB/s/최대 525MB/s/2,000,000시간/TRIM 지원/S.M.A.R.T 지원/ECC 지원/DEVSLP 지원/SLC 캐싱/7mm/47.5g/5년/전용 소프트웨어
ADATA Ultimate SU900 SHT,512,140800,내장형SSD/2.5형(6.4cm)/SATA3 (6Gb/s)/MLC(기타)/3D낸드/실리콘모션 SMI 2258/최대 560MB/s/최대 525MB/s/2,000,000시간/TRIM 지원/S.M.A.R.T 지원/ECC 지원/DEVSLP 지원/SLC 캐싱/7mm/47.5g/5년/전용 소프트웨어
ADATA Ultimate SU900 SHT,1000,258800,내장형SSD/2.5형(6.4cm)/SATA3 (6Gb/s)/MLC(기타)/3D낸드/실리콘모션 SMI 2258/최대 560MB/s/최대 525MB/s/2,000,000시간/TRIM 지원/S.M.A.R.T 지원/ECC 지원/DEVSLP 지원/SLC 캐싱/7mm/47.5g/5년/전용 소프트웨어
ADATA Ultimate SU800 M.2 2280 SHT,128,110300,내장형SSD/M.2 (2280)/SATA3 (6Gb/s)/TLC(기타)/3D낸드/실리콘모션/최대 560MB/s/최대 300MB/s/2,000,000시간/TRIM 지원/S.M.A.R.T 지원/ECC 지원/DEVSLP 지원/SLC 캐싱/3.5mm/3년/전용 소프트웨어
ADATA Ultimate SU800 M.2 2280 SHT,256,59800,내장형SSD/M.2 (2280)/SATA3 (6Gb/s)/TLC(기타)/3D낸드/실리콘모션/최대 560MB/s/최대 300MB/s/2,000,000시간/TRIM 지원/S.M.A.R.T 지원/ECC 지원/DEVSLP 지원/SLC 캐싱/3.5mm/3년/전용 소프트웨어
ADATA Ultimate SU800 M.2 2280 SHT,512,38200,내장형SSD/M.2 (2280)/SATA3 (6Gb/s)/TLC(기타)/3D낸드/실리콘모션/최대 560MB/s/최대 300MB/s/2,000,000시간/TRIM 지원/S.M.A.R.T 지원/ECC 지원/DEVSLP 지원/SLC 캐싱/3.5mm/3년/전용 소프트웨어
마이크론 Crucial P1 M.2 2280 아스크텍,500,143000,내장형SSD/M.2 (2280)/PCIe3.0x4 (32GT/s)/NVMe 1.3/ QLC /3D낸드/최대 1,900MB/s/최대 950MB/s/1,800,000시간/TRIM 지원/GC 기능/S.M.A.R.T 지원/ECC 지원/SLC 캐싱/5년/전용 소프트웨어
마이크론 Crucial P1 M.2 2280 아스크텍,1000,282640,내장형SSD/M.2 (2280)/PCIe3.0x4 (32GT/s)/NVMe 1.3/ QLC /3D낸드/최대 1,900MB/s/최대 950MB/s/1,800,000시간/TRIM 지원/GC 기능/S.M.A.R.T 지원/ECC 지원/SLC 캐싱/5년/전용 소프트웨어
마이크론 Crucial MX500 병행수입,250,68080,내장형SSD/2.5형(6.4cm)/SATA3 (6Gb/s)/TLC(기타)/3D낸드/실리콘모션 SM2258/최대 560MB/s/최대 510MB/s/1,800,000시간/TRIM 지원/GC 기능/S.M.A.R.T 지원/ECC 지원/DEVSLP 지원/7mm
마이크론 Crucial MX500 병행수입,500,99300,내장형SSD/2.5형(6.4cm)/SATA3 (6Gb/s)/TLC(기타)/3D낸드/실리콘모션 SM2258/최대 560MB/s/최대 510MB/s/1,800,000시간/TRIM 지원/GC 기능/S.M.A.R.T 지원/ECC 지원/DEVSLP 지원/7mm
마이크론 Crucial MX500 병행수입,1000,213000,내장형SSD/2.5형(6.4cm)/SATA3 (6Gb/s)/TLC(기타)/3D낸드/실리콘모션 SM2258/최대 560MB/s/최대 510MB/s/1,800,000시간/TRIM 지원/GC 기능/S.M.A.R.T 지원/ECC 지원/DEVSLP 지원/7mm
ADATA XPG SX8200 M.2 2280 SHT,240,84800,내장형SSD/M.2 (2280)/PCIe3.0x4 (32GT/s)/NVMe 1.3/TLC(기타)/3D낸드/실리콘모션/최대 3,200MB/s/최대 1,700MB/s/2,000,000시간/ECC 지원/SLC 캐싱/3.5mm/8g/5년/ 방열판(히트싱크)
ADATA XPG SX8200 M.2 2280 SHT,480,143800,내장형SSD/M.2 (2280)/PCIe3.0x4 (32GT/s)/NVMe 1.3/TLC(기타)/3D낸드/실리콘모션/최대 3,200MB/s/최대 1,700MB/s/2,000,000시간/ECC 지원/SLC 캐싱/3.5mm/8g/5년/ 방열판(히트싱크)
ADATA XPG SX8200 M.2 2280 SHT,960,278500,내장형SSD/M.2 (2280)/PCIe3.0x4 (32GT/s)/NVMe 1.3/TLC(기타)/3D낸드/실리콘모션/최대 3,200MB/s/최대 1,700MB/s/2,000,000시간/ECC 지원/SLC 캐싱/3.5mm/8g/5년/ 방열판(히트싱크)
ADATA XPG SX950U SHT,120,36500,내장형SSD/2.5형(6.4cm)/SATA3 (6Gb/s)/TLC(기타)/3D낸드/실리콘모션/최대 560MB/s/최대 520MB/s/2,000,000시간/ECC 지원/SLC 캐싱/7mm/47.5g/5년
ADATA XPG SX950U SHT,240,58900,내장형SSD/2.5형(6.4cm)/SATA3 (6Gb/s)/TLC(기타)/3D낸드/실리콘모션/최대 560MB/s/최대 520MB/s/2,000,000시간/ECC 지원/SLC 캐싱/7mm/47.5g/5년
ADATA XPG SX950U SHT,480,106700,내장형SSD/2.5형(6.4cm)/SATA3 (6Gb/s)/TLC(기타)/3D낸드/실리콘모션/최대 560MB/s/최대 520MB/s/2,000,000시간/ECC 지원/SLC 캐싱/7mm/47.5g/5년
ADATA XPG SX950U SHT,960,204000,내장형SSD/2.5형(6.4cm)/SATA3 (6Gb/s)/TLC(기타)/3D낸드/실리콘모션/최대 560MB/s/최대 520MB/s/2,000,000시간/ECC 지원/SLC 캐싱/7mm/47.5g/5년
ADATA XPG SX6000 M.2 2280 코잇,128,46600,내장형SSD/M.2 (2280)/PCIe3.0x2 (16GT/s)/NVMe 1.2/TLC(기타)/3D낸드/Realtek/ 확인요망/확인요망 /최대 1,000MB/s/최대 800MB/s/2,000,000시간/SLC 캐싱/3.5mm/8g/5년/전용 소프트웨어
ADATA XPG SX6000 M.2 2280 코잇,256,75000,내장형SSD/M.2 (2280)/PCIe3.0x2 (16GT/s)/NVMe 1.2/TLC(기타)/3D낸드/Realtek/ 확인요망/확인요망 /최대 1,000MB/s/최대 800MB/s/2,000,000시간/SLC 캐싱/3.5mm/8g/5년/전용 소프트웨어
ADATA XPG SX6000 M.2 2280 코잇,512,134500,내장형SSD/M.2 (2280)/PCIe3.0x2 (16GT/s)/NVMe 1.2/TLC(기타)/3D낸드/Realtek/ 확인요망/확인요망 /최대 1,000MB/s/최대 800MB/s/2,000,000시간/SLC 캐싱/3.5mm/8g/5년/전용 소프트웨어
ADATA XPG SX6000 M.2 2280 코잇,1000,278500,내장형SSD/M.2 (2280)/PCIe3.0x2 (16GT/s)/NVMe 1.2/TLC(기타)/3D낸드/Realtek/ 확인요망/확인요망 /최대 1,000MB/s/최대 800MB/s/2,000,000시간/SLC 캐싱/3.5mm/8g/5년/전용 소프트웨어
삼성전자 970 EVO M.2 2280 해외구매,250,106020,내장형SSD/M.2 (2280)/PCIe3.0x4 (32GT/s)/NVMe 1.3/TLC(기타)/3D낸드/삼성 Phoenix/LPDDR4/1GB/최대 3,400MB/s/최대 2,500MB/s/1,500,000시간/TRIM 지원/GC 기능/S.M.A.R.T 지원/DEVSLP 지원/2.38mm/최대 8g/전용 소프트웨어
삼성전자 970 EVO M.2 2280 해외구매,500,176500,내장형SSD/M.2 (2280)/PCIe3.0x4 (32GT/s)/NVMe 1.3/TLC(기타)/3D낸드/삼성 Phoenix/LPDDR4/1GB/최대 3,400MB/s/최대 2,500MB/s/1,500,000시간/TRIM 지원/GC 기능/S.M.A.R.T 지원/DEVSLP 지원/2.38mm/최대 8g/전용 소프트웨어
삼성전자 970 EVO M.2 2280 해외구매,1000,328210,내장형SSD/M.2 (2280)/PCIe3.0x4 (32GT/s)/NVMe 1.3/TLC(기타)/3D낸드/삼성 Phoenix/LPDDR4/1GB/최대 3,400MB/s/최대 2,500MB/s/1,500,000시간/TRIM 지원/GC 기능/S.M.A.R.T 지원/DEVSLP 지원/2.38mm/최대 8g/전용 소프트웨어
삼성전자 970 EVO M.2 2280 해외구매,2000,830900,내장형SSD/M.2 (2280)/PCIe3.0x4 (32GT/s)/NVMe 1.3/TLC(기타)/3D낸드/삼성 Phoenix/LPDDR4/1GB/최대 3,400MB/s/최대 2,500MB/s/1,500,000시간/TRIM 지원/GC 기능/S.M.A.R.T 지원/DEVSLP 지원/2.38mm/최대 8g/전용 소프트웨어
삼성전자 970 PRO M.2 2280 해외구매,512,199390,내장형SSD/M.2 (2280)/PCIe3.0x4 (32GT/s)/NVMe 1.3/MLC(기타)/3D낸드/삼성 Phoenix/LPDDR4/512MB/최대 3,500MB/s/최대 2,300MB/s/1,500,000시간/TRIM 지원/GC 기능/S.M.A.R.T 지원/DEVSLP 지원/2.38mm/최대 8g/전용 소프트웨어
삼성전자 970 PRO M.2 2280 해외구매,1000,530460,내장형SSD/M.2 (2280)/PCIe3.0x4 (32GT/s)/NVMe 1.3/MLC(기타)/3D낸드/삼성 Phoenix/LPDDR4/512MB/최대 3,500MB/s/최대 2,300MB/s/1,500,000시간/TRIM 지원/GC 기능/S.M.A.R.T 지원/DEVSLP 지원/2.38mm/최대 8g/전용 소프트웨어
ADATA Ultimate SU800 코잇,128,38190,내장형SSD/2.5형(6.4cm)/SATA3 (6Gb/s)/TLC(기타)/3D낸드/실리콘모션 SM2258/ 확인요망/확인요망 /최대 560MB/s/최대 520MB/s/2,000,000시간/TRIM 지원/GC 기능/S.M.A.R.T 지원/ECC 지원/DEVSLP 지원/SLC 캐싱/7mm/3년/전용 소프트웨어
ADATA Ultimate SU800 코잇,256,61200,내장형SSD/2.5형(6.4cm)/SATA3 (6Gb/s)/TLC(기타)/3D낸드/실리콘모션 SM2258/ 확인요망/확인요망 /최대 560MB/s/최대 520MB/s/2,000,000시간/TRIM 지원/GC 기능/S.M.A.R.T 지원/ECC 지원/DEVSLP 지원/SLC 캐싱/7mm/3년/전용 소프트웨어
ADATA Ultimate SU800 코잇,512,111600,내장형SSD/2.5형(6.4cm)/SATA3 (6Gb/s)/TLC(기타)/3D낸드/실리콘모션 SM2258/ 확인요망/확인요망 /최대 560MB/s/최대 520MB/s/2,000,000시간/TRIM 지원/GC 기능/S.M.A.R.T 지원/ECC 지원/DEVSLP 지원/SLC 캐싱/7mm/3년/전용 소프트웨어
ADATA Ultimate SU800 코잇,1000,210120,내장형SSD/2.5형(6.4cm)/SATA3 (6Gb/s)/TLC(기타)/3D낸드/실리콘모션 SM2258/ 확인요망/확인요망 /최대 560MB/s/최대 520MB/s/2,000,000시간/TRIM 지원/GC 기능/S.M.A.R.T 지원/ECC 지원/DEVSLP 지원/SLC 캐싱/7mm/3년/전용 소프트웨어
ADATA Ultimate SU800 코잇,2000,416730,내장형SSD/2.5형(6.4cm)/SATA3 (6Gb/s)/TLC(기타)/3D낸드/실리콘모션 SM2258/ 확인요망/확인요망 /최대 560MB/s/최대 520MB/s/2,000,000시간/TRIM 지원/GC 기능/S.M.A.R.T 지원/ECC 지원/DEVSLP 지원/SLC 캐싱/7mm/3년/전용 소프트웨어
ADATA XPG SX6000 M.2 2280 SHT,128,43200,내장형SSD/M.2 (2280)/PCIe3.0x2 (16GT/s)/NVMe 1.2/TLC(기타)/3D낸드/Realtek/ 확인요망/확인요망 /최대 730MB/s/최대 660MB/s/2,000,000시간/SLC 캐싱/3.5mm/8g/5년/전용 소프트웨어
ADATA XPG SX6000 M.2 2280 SHT,256,74000,내장형SSD/M.2 (2280)/PCIe3.0x2 (16GT/s)/NVMe 1.2/TLC(기타)/3D낸드/Realtek/ 확인요망/확인요망 /최대 730MB/s/최대 660MB/s/2,000,000시간/SLC 캐싱/3.5mm/8g/5년/전용 소프트웨어
ADATA XPG SX6000 M.2 2280 SHT,512,133900,내장형SSD/M.2 (2280)/PCIe3.0x2 (16GT/s)/NVMe 1.2/TLC(기타)/3D낸드/Realtek/ 확인요망/확인요망 /최대 730MB/s/최대 660MB/s/2,000,000시간/SLC 캐싱/3.5mm/8g/5년/전용 소프트웨어
ADATA Ultimate SU900 코잇,128,51140,내장형SSD/2.5형(6.4cm)/SATA3 (6Gb/s)/MLC(기타)/3D낸드/실리콘모션 SMI 2258/최대 560MB/s/최대 525MB/s/2,000,000시간/TRIM 지원/S.M.A.R.T 지원/ECC 지원/DEVSLP 지원/SLC 캐싱/7mm/47.5g/5년/전용 소프트웨어
ADATA Ultimate SU900 코잇,256,81610,내장형SSD/2.5형(6.4cm)/SATA3 (6Gb/s)/MLC(기타)/3D낸드/실리콘모션 SMI 2258/최대 560MB/s/최대 525MB/s/2,000,000시간/TRIM 지원/S.M.A.R.T 지원/ECC 지원/DEVSLP 지원/SLC 캐싱/7mm/47.5g/5년/전용 소프트웨어
ADATA Ultimate SU900 코잇,512,145660,내장형SSD/2.5형(6.4cm)/SATA3 (6Gb/s)/MLC(기타)/3D낸드/실리콘모션 SMI 2258/최대 560MB/s/최대 525MB/s/2,000,000시간/TRIM 지원/S.M.A.R.T 지원/ECC 지원/DEVSLP 지원/SLC 캐싱/7mm/47.5g/5년/전용 소프트웨어
ADATA Ultimate SU900 코잇,1000,268070,내장형SSD/2.5형(6.4cm)/SATA3 (6Gb/s)/MLC(기타)/3D낸드/실리콘모션 SMI 2258/최대 560MB/s/최대 525MB/s/2,000,000시간/TRIM 지원/S.M.A.R.T 지원/ECC 지원/DEVSLP 지원/SLC 캐싱/7mm/47.5g/5년/전용 소프트웨어
ADATA XPG SX8200 M.2 2280 코잇,240,85000,내장형SSD/M.2 (2280)/PCIe3.0x4 (32GT/s)/NVMe 1.3/TLC(기타)/3D낸드/실리콘모션/최대 3,200MB/s/최대 1,700MB/s/2,000,000시간/ECC 지원/SLC 캐싱/3.5mm/8g/5년/ 방열판(히트싱크)
ADATA XPG SX8200 M.2 2280 코잇,480,144000,내장형SSD/M.2 (2280)/PCIe3.0x4 (32GT/s)/NVMe 1.3/TLC(기타)/3D낸드/실리콘모션/최대 3,200MB/s/최대 1,700MB/s/2,000,000시간/ECC 지원/SLC 캐싱/3.5mm/8g/5년/ 방열판(히트싱크)
ADATA XPG SX8200 M.2 2280 코잇,960,287710,내장형SSD/M.2 (2280)/PCIe3.0x4 (32GT/s)/NVMe 1.3/TLC(기타)/3D낸드/실리콘모션/최대 3,200MB/s/최대 1,700MB/s/2,000,000시간/ECC 지원/SLC 캐싱/3.5mm/8g/5년/ 방열판(히트싱크)
ADATA XPG GAMMIX S11 M.2 2280 코잇,240,87700,내장형SSD/M.2 (2280)/PCIe3.0x4 (32GT/s)/NVMe 1.3/TLC(기타)/3D낸드/실리콘모션/최대 3,200MB/s/최대 1,700MB/s/2,000,000시간/ECC 지원/SLC 캐싱/3.5mm/8g/5년/ 방열판(히트싱크)
ADATA XPG GAMMIX S11 M.2 2280 코잇,480,167400,내장형SSD/M.2 (2280)/PCIe3.0x4 (32GT/s)/NVMe 1.3/TLC(기타)/3D낸드/실리콘모션/최대 3,200MB/s/최대 1,700MB/s/2,000,000시간/ECC 지원/SLC 캐싱/3.5mm/8g/5년/ 방열판(히트싱크)
ADATA XPG GAMMIX S11 M.2 2280 코잇,960,398000,내장형SSD/M.2 (2280)/PCIe3.0x4 (32GT/s)/NVMe 1.3/TLC(기타)/3D낸드/실리콘모션/최대 3,200MB/s/최대 1,700MB/s/2,000,000시간/ECC 지원/SLC 캐싱/3.5mm/8g/5년/ 방열판(히트싱크)
ADATA XPG SX950U 코잇,120,38220,내장형SSD/2.5형(6.4cm)/SATA3 (6Gb/s)/TLC(기타)/3D낸드/실리콘모션/최대 560MB/s/최대 520MB/s/2,000,000시간/ECC 지원/SLC 캐싱/7mm/47.5g/5년
ADATA XPG SX950U 코잇,240,61470,내장형SSD/2.5형(6.4cm)/SATA3 (6Gb/s)/TLC(기타)/3D낸드/실리콘모션/최대 560MB/s/최대 520MB/s/2,000,000시간/ECC 지원/SLC 캐싱/7mm/47.5g/5년
ADATA XPG SX950U 코잇,480,116220,내장형SSD/2.5형(6.4cm)/SATA3 (6Gb/s)/TLC(기타)/3D낸드/실리콘모션/최대 560MB/s/최대 520MB/s/2,000,000시간/ECC 지원/SLC 캐싱/7mm/47.5g/5년
ADATA XPG SX950U 코잇,960,210740,내장형SSD/2.5형(6.4cm)/SATA3 (6Gb/s)/TLC(기타)/3D낸드/실리콘모션/최대 560MB/s/최대 520MB/s/2,000,000시간/ECC 지원/SLC 캐싱/7mm/47.5g/5년
ADATA Ultimate SU800 M.2 2280 코잇,128,39000,내장형SSD/M.2 (2280)/SATA3 (6Gb/s)/TLC(기타)/3D낸드/실리콘모션/최대 560MB/s/최대 300MB/s/2,000,000시간/TRIM 지원/S.M.A.R.T 지원/ECC 지원/DEVSLP 지원/SLC 캐싱/3.5mm/3년/전용 소프트웨어
ADATA Ultimate SU800 M.2 2280 코잇,256,61600,내장형SSD/M.2 (2280)/SATA3 (6Gb/s)/TLC(기타)/3D낸드/실리콘모션/최대 560MB/s/최대 300MB/s/2,000,000시간/TRIM 지원/S.M.A.R.T 지원/ECC 지원/DEVSLP 지원/SLC 캐싱/3.5mm/3년/전용 소프트웨어
ADATA Ultimate SU800 M.2 2280 코잇,512,109900,내장형SSD/M.2 (2280)/SATA3 (6Gb/s)/TLC(기타)/3D낸드/실리콘모션/최대 560MB/s/최대 300MB/s/2,000,000시간/TRIM 지원/S.M.A.R.T 지원/ECC 지원/DEVSLP 지원/SLC 캐싱/3.5mm/3년/전용 소프트웨어
ADATA Ultimate SU800 M.2 2280 코잇,1000,247930,내장형SSD/M.2 (2280)/SATA3 (6Gb/s)/TLC(기타)/3D낸드/실리콘모션/최대 560MB/s/최대 300MB/s/2,000,000시간/TRIM 지원/S.M.A.R.T 지원/ECC 지원/DEVSLP 지원/SLC 캐싱/3.5mm/3년/전용 소프트웨어
삼성전자 960 EVO M.2 2280 병행수입,250,118900,내장형SSD/M.2 (2280)/PCIe3.0x4 (32GT/s)/NVMe 1.2/TLC(토글)/3D낸드/삼성 Polaris/LDDR3/512MB/최대 3,200MB/s/최대 1,500MB/s/TRIM 지원/GC 기능/S.M.A.R.T 지원/DEVSLP 지원/2.38mm/7.7g
삼성전자 960 EVO M.2 2280 병행수입,500,185000,내장형SSD/M.2 (2280)/PCIe3.0x4 (32GT/s)/NVMe 1.2/TLC(토글)/3D낸드/삼성 Polaris/LDDR3/512MB/최대 3,200MB/s/최대 1,500MB/s/TRIM 지원/GC 기능/S.M.A.R.T 지원/DEVSLP 지원/2.38mm/7.7g
삼성전자 960 EVO M.2 2280 병행수입,1000,402000,내장형SSD/M.2 (2280)/PCIe3.0x4 (32GT/s)/NVMe 1.2/TLC(토글)/3D낸드/삼성 Polaris/LDDR3/512MB/최대 3,200MB/s/최대 1,500MB/s/TRIM 지원/GC 기능/S.M.A.R.T 지원/DEVSLP 지원/2.38mm/7.7g
ADATA Premier Pro New SP920 SHT,128,45700,내장형SSD/2.5형(6.4cm)/SATA3(6Gb/s)/MLC(동기식)/마벨 88SS9188/최대 560MB/s/최대 180MB/s/1,500,000시간/TRIM 지원/S.M.A.R.T 지원/7mm/38g/5년/ 2017년 3월부로 패키지디자인 변경 구매시 확인요망
삼성전자 960 EVO M.2 2280 해외구매,250,102010,내장형SSD/M.2 (2280)/PCIe3.0x4 (32GT/s)/NVMe 1.2/TLC(토글)/3D낸드/삼성 Polaris/LDDR3/512MB/최대 3,200MB/s/최대 1,500MB/s/TRIM 지원/GC 기능/S.M.A.R.T 지원/DEVSLP 지원/2.38mm/7.7g
삼성전자 960 EVO M.2 2280 해외구매,500,186700,내장형SSD/M.2 (2280)/PCIe3.0x4 (32GT/s)/NVMe 1.2/TLC(토글)/3D낸드/삼성 Polaris/LDDR3/512MB/최대 3,200MB/s/최대 1,500MB/s/TRIM 지원/GC 기능/S.M.A.R.T 지원/DEVSLP 지원/2.38mm/7.7g
삼성전자 960 EVO M.2 2280 해외구매,1000,354980,내장형SSD/M.2 (2280)/PCIe3.0x4 (32GT/s)/NVMe 1.2/TLC(토글)/3D낸드/삼성 Polaris/LDDR3/512MB/최대 3,200MB/s/최대 1,500MB/s/TRIM 지원/GC 기능/S.M.A.R.T 지원/DEVSLP 지원/2.38mm/7.7g
마이크론 1100 M.2 2280,256,60000,내장형SSD/M.2 (2280)/SATA3 (6Gb/s)/TLC(기타)/3D낸드/마벨 88SS1074/LPDDR3/512MB/최대 530MB/s/최대 500MB/s/1,500,000시간/GC 기능/S.M.A.R.T 지원/DEVSLP 지원/3년/전용 소프트웨어/ 벌크 여부 확인요망
마이크론 1100 M.2 2280,512,115500,내장형SSD/M.2 (2280)/SATA3 (6Gb/s)/TLC(기타)/3D낸드/마벨 88SS1074/LPDDR3/512MB/최대 530MB/s/최대 500MB/s/1,500,000시간/GC 기능/S.M.A.R.T 지원/DEVSLP 지원/3년/전용 소프트웨어/ 벌크 여부 확인요망
마이크론 1100 M.2 2280,1000,309000,내장형SSD/M.2 (2280)/SATA3 (6Gb/s)/TLC(기타)/3D낸드/마벨 88SS1074/LPDDR3/512MB/최대 530MB/s/최대 500MB/s/1,500,000시간/GC 기능/S.M.A.R.T 지원/DEVSLP 지원/3년/전용 소프트웨어/ 벌크 여부 확인요망
삼성전자 850 EVO M.2 2280,120,74990,내장형SSD/M.2 (2280)/SATA3 (6Gb/s)/3D낸드/삼성 MGX Controller/최대 540MB/s/최대 500MB/s/1,500,000시간/TRIM 지원/GC 기능/최대 2.38mm/5년
삼성전자 850 EVO M.2 2280,250,90520,내장형SSD/M.2 (2280)/SATA3 (6Gb/s)/3D낸드/삼성 MGX Controller/최대 540MB/s/최대 500MB/s/1,500,000시간/TRIM 지원/GC 기능/최대 2.38mm/5년
삼성전자 850 EVO M.2 2280,500,152150,내장형SSD/M.2 (2280)/SATA3 (6Gb/s)/3D낸드/삼성 MGX Controller/최대 540MB/s/최대 500MB/s/1,500,000시간/TRIM 지원/GC 기능/최대 2.38mm/5년
삼성전자 850 EVO M.2 2280,1000,318510,내장형SSD/M.2 (2280)/SATA3 (6Gb/s)/3D낸드/삼성 MGX Controller/최대 540MB/s/최대 500MB/s/1,500,000시간/TRIM 지원/GC 기능/최대 2.38mm/5년
ADATA Premier SP580,120,57370,내장형SSD/2.5형(6.4cm)/SATA3 (6Gb/s)/TLC(기타)/2D낸드/마벨 88NV1120/최대 560MB/s/최대 420MB/s/1,500,000시간/TRIM 지원/S.M.A.R.T 지원/ECC 지원/DEVSLP 지원/SLC 캐싱/7mm/47.5g/3년/전용 소프트웨어
ADATA Premier SP580,240,78000,내장형SSD/2.5형(6.4cm)/SATA3 (6Gb/s)/TLC(기타)/2D낸드/마벨 88NV1120/최대 560MB/s/최대 420MB/s/1,500,000시간/TRIM 지원/S.M.A.R.T 지원/ECC 지원/DEVSLP 지원/SLC 캐싱/7mm/47.5g/3년/전용 소프트웨어
마이크론 Crucial MX300 아스크텍,275,117640,내장형SSD/2.5형(6.4cm)/SATA3 (6Gb/s)/TLC(기타)/3D낸드/마벨 88SS1074/최대 530MB/s/최대 500MB/s/1,500,000시간/TRIM 지원/GC 기능/S.M.A.R.T 지원/ECC 지원/DEVSLP 지원/7mm/3년/전용 소프트웨어
마이크론 Crucial MX300 아스크텍,525,134500,내장형SSD/2.5형(6.4cm)/SATA3 (6Gb/s)/TLC(기타)/3D낸드/마벨 88SS1074/최대 530MB/s/최대 500MB/s/1,500,000시간/TRIM 지원/GC 기능/S.M.A.R.T 지원/ECC 지원/DEVSLP 지원/7mm/3년/전용 소프트웨어
마이크론 Crucial MX300 아스크텍,1000,349200,내장형SSD/2.5형(6.4cm)/SATA3 (6Gb/s)/TLC(기타)/3D낸드/마벨 88SS1074/최대 530MB/s/최대 500MB/s/1,500,000시간/TRIM 지원/GC 기능/S.M.A.R.T 지원/ECC 지원/DEVSLP 지원/7mm/3년/전용 소프트웨어
삼성전자 750 EVO,120,115650,장형SSD/2.5형(6.4cm)/SATA3 (6Gb/s)/TLC 기반/16nm/삼성/최대 540MB/s/최대 520MB/s/1,500,000시간/GC 기능/6.8mm/최대 48g/3년/전용 소프트웨어
삼성전자 750 EVO,250,208170,장형SSD/2.5형(6.4cm)/SATA3 (6Gb/s)/TLC 기반/16nm/삼성/최대 540MB/s/최대 520MB/s/1,500,000시간/GC 기능/6.8mm/최대 48g/3년/전용 소프트웨어
삼성전자 750 EVO,500,154990,장형SSD/2.5형(6.4cm)/SATA3 (6Gb/s)/TLC 기반/16nm/삼성/최대 540MB/s/최대 520MB/s/1,500,000시간/GC 기능/6.8mm/최대 48g/3년/전용 소프트웨어
ADATA Premier Pro SP920,128,45900,내장형SSD/2.5형(6.4cm)/SATA3(6Gb/s)/MLC(동기식)/20nm/마벨 88SS9189/최대 560MB/s/최대 180MB/s/GC 기능/7mm/3년
ADATA XPG SX6000 Pro M.2 2280 SHT,256,84500,내장형SSD/M.2 (2280)/PCIe3.0x4 (32GT/s)/NVMe 1.3/TLC(기타)/3D낸드/Realtek/최대 2,100MB/s/최대 1,500MB/s/2,000,000시간/ECC 지원/SLC 캐싱/2.15mm/8g/5년/ 방열판(히트싱크)
ADATA XPG SX6000 Pro M.2 2280 SHT,512,146330,내장형SSD/M.2 (2280)/PCIe3.0x4 (32GT/s)/NVMe 1.3/TLC(기타)/3D낸드/Realtek/최대 2,100MB/s/최대 1,500MB/s/2,000,000시간/ECC 지원/SLC 캐싱/2.15mm/8g/5년/ 방열판(히트싱크)
ADATA Premier SP550,120,35000,내장형SSD/2.5형(6.4cm)/SATA3(6Gb/s)/TLC(토글)/실리콘모션 2256/최대 560MB/s/최대 410MB/s/1,500,000시간/ECC 지원/DEVSLP 지원/SLC 캐싱/3년
ADATA XPG SX6000 Pro M.2 2280 코잇,256,85300,내장형SSD/M.2 (2280)/PCIe3.0x4 (32GT/s)/NVMe 1.3/TLC(기타)/3D낸드/Realtek/최대 2,100MB/s/최대 1,500MB/s/2,000,000시간/ECC 지원/SLC 캐싱/2.15mm/8g/5년/ 방열판(히트싱크)
ADATA XPG SX6000 Pro M.2 2280 코잇,512,151300,내장형SSD/M.2 (2280)/PCIe3.0x4 (32GT/s)/NVMe 1.3/TLC(기타)/3D낸드/Realtek/최대 2,100MB/s/최대 1,500MB/s/2,000,000시간/ECC 지원/SLC 캐싱/2.15mm/8g/5년/ 방열판(히트싱크)
ADATA XPG SX6000 Pro M.2 2280 코잇,1000,298000,내장형SSD/M.2 (2280)/PCIe3.0x4 (32GT/s)/NVMe 1.3/TLC(기타)/3D낸드/Realtek/최대 2,100MB/s/최대 1,500MB/s/2,000,000시간/ECC 지원/SLC 캐싱/2.15mm/8g/5년/ 방열판(히트싱크)
마이크론 Crucial MX300 M.2 2280 아스크텍,275,126230,내장형SSD/M.2 (2280)/SATA3 (6Gb/s)/TLC(기타)/3D낸드/마벨 88SS1074/최대 530MB/s/최대 500MB/s/1,500,000시간/TRIM 지원/GC 기능/S.M.A.R.T 지원/ECC 지원/DEVSLP 지원/3년/전용 소프트웨어
마이크론 Crucial MX300 M.2 2280 아스크텍,525,200440,내장형SSD/M.2 (2280)/SATA3 (6Gb/s)/TLC(기타)/3D낸드/마벨 88SS1074/최대 530MB/s/최대 500MB/s/1,500,000시간/TRIM 지원/GC 기능/S.M.A.R.T 지원/ECC 지원/DEVSLP 지원/3년/전용 소프트웨어
삼성전자 840 EVO Series ,500,172990,내장형SSD/2.5형(6.4cm)/SATA3(6Gb/s)/TLC(토글)/삼성 3-CORE MEX/DDR2/ 확인요망 /최대 540MB/s/최대 520MB/s/TRIM 지원/GC 기능
ADATA Premier Pro SP900,128,74990,내장형SSD/2.5형(6.4cm)/SATA3(6Gb/s)/MLC(기타)/샌드포스/545MB/s/535MB/s/1,000,000시간/TRIM 지원/7mm/68g/무상 3년/ SW: Disk Migration Utility 제공
ADATA Premier SP600,128,82000,내장형SSD/2.5형(6.4cm)/SATA3(6Gb/s)/MLC(토글)/JMicron 667H/540MB/s/290MB/s/1,000,000시간/TRIM 지원/7mm/3년
ADATA Premier SP600,256,127500,내장형SSD/2.5형(6.4cm)/SATA3(6Gb/s)/MLC(토글)/JMicron 667H/540MB/s/290MB/s/1,000,000시간/TRIM 지원/7mm/3년
ADATA Premier Pro SP600,128,74060,내장형SSD/2.5형(6.4cm)/SATA3(6Gb/s)/MLC(기타)/JMicron JMF667H/최대읽기 530MB/s/최대쓰기 150MB/s/1,000,000시간/TRIM 지원/7mm/68g/무상 3년
삼성전자 850 EVO Series 벌크,500,250000,내장형SSD/2.5형(6.4cm)/SATA3(6Gb/s)/TLC(토글)/3D낸드/삼성 MGX 컨트롤러/최대 읽기 540MB/s/300MB/s/1,500,000시간/TRIM 지원/GC 기능/S.M.A.R.T 지원
ADATA S510,120,149790,내장형SSD/2.5형(6.4cm)/SATA3(6Gb/s)/MLC(기타)/샌드포스 SF-2281/읽기 550MB/s/쓰기 510MB/s/1,000,000시간/TRIM 지원/7mm/76g/무상 3년/ SW: Disk Migration Utility 제공
